_id,spending_behavior,full_name,email,ssn,ip_address,gender,date_of_birth,zip_code,annual_income,credit_history_months,debt_to_income,savings_balance,loan_approved,rejection_reason,interest_rate,approved_amount,total_spending,age
app_200,"[{'category': 'Shopping', 'amount': 480}, {'category': 'Rent', 'amount': 790}, {'category': 'Alcohol', 'amount': 247}]",Jerry Smith,jerry.smith17@hotmail.com,596-64-4340,192.168.48.155,Male,2001-03-09,10036,73000.0,23.0,0.2,31212.0,False,algorithm_risk_score,0.0,0.0,1517,24
app_037,"[{'category': 'Rent', 'amount': 608}, {'category': 'Dining', 'amount': 96}, {'category': 'Healthcare', 'amount': 243}]",Brandon Walker,brandon.walker2@yahoo.com,425-69-4784,10.1.102.112,Male,1992-03-31,10032,78000.0,51.0,0.18,17915.0,False,algorithm_risk_score,0.0,0.0,947,33
app_215,"[{'category': 'Rent', 'amount': 109}]",Scott Moore,scott.moore94@mail.com,370-78-5178,10.240.193.250,Male,1989-10-24,10075,61000.0,41.0,0.21,37909.0,True,,3.7,59000.0,109,36
app_024,"[{'category': 'Fitness', 'amount': 575}]",Thomas Lee,thomas.lee6@protonmail.com,194-35-1833,192.168.175.67,Male,1983-04-25,10077,103000.0,70.0,0.35000000000000003,0.0,True,,4.3,34000.0,575,42
app_184,"[{'category': 'Entertainment', 'amount': 463}]",Brian Rodriguez,brian.rodriguez86@aol.com,480-41-2475,172.29.125.105,Male,1999-05-21,10080,57000.0,14.0,0.23,31763.0,False,algorithm_risk_score,0.0,0.0,463,26
app_246,"[{'category': 'Healthcare', 'amount': 478}]",Susan Rivera,susan.rivera74@gmail.com,176-97-1864,192.168.158.59,Female,1991-10-11,90223,82000.0,31.0,0.29,21809.0,True,,2.8,38000.0,478,34
app_042,"[{'category': 'Insurance', 'amount': 153}, {'category': 'Dining', 'amount': 468}]",Joseph Lopez,joseph.lopez1@gmail.com,652-70-5530,192.168.91.142,Male,1990-05-04,10044,69000.0,43.0,0.41000000000000003,15974.0,False,algorithm_risk_score,0.0,0.0,621,35
app_348,"[{'category': 'Fitness', 'amount': 199}, {'category': 'Travel', 'amount': 851}]",Michael Mitchell,michael.mitchell42@hotmail.com,100-94-8400,172.28.12.121,Male,1989-10-10,10080,55000.0,5.0,0.41000000000000003,13794.0,False,insufficient_credit_history,0.0,0.0,1050,36
app_309,"[{'category': 'Rent', 'amount': 626}, {'category': 'Transportation', 'amount': 688}]",Patricia Carter,patricia.carter75@gmail.com,392-82-4407,192.168.231.120,Female,1970-10-01,90250,63000.0,99.0,0.37,21769.0,True,,5.1,72000.0,1314,55
app_007,"[{'category': 'Transportation', 'amount': 290}, {'category': 'Healthcare', 'amount': 416}]",Emma Clark,emma.clark14@protonmail.com,191-40-8079,192.168.11.34,Female,1989-06-13,90284,92000.0,77.0,0.08,21353.0,True,,5.2,27000.0,706,36
app_439,"[{'category': 'Shopping', 'amount': 685}, {'category': 'Fitness', 'amount': 97}, {'category': 'Dining', 'amount': 838}]",Benjamin Jackson,benjamin.jackson34@gmail.com,807-60-7784,192.168.98.253,Male,1976-04-19,10019,87000.0,72.0,0.12,50675.0,True,,4.2,61000.0,1620,49
app_064,"[{'category': 'Fitness', 'amount': 409}, {'category': 'Shopping', 'amount': 433}]",Paul Martin,paul.martin91@yahoo.com,500-65-1608,192.168.73.18,Male,1992-06-22,10009,81000.0,64.0,0.37,40674.0,False,algorithm_risk_score,0.0,0.0,842,33
app_101,"[{'category': 'Groceries', 'amount': 527}, {'category': 'Entertainment', 'amount': 464}]",Sandra Smith,sandra.smith99@icloud.com,937-72-8731,172.30.237.98,Female,1997-03-23,90255,55000.0,0.0,0.30000000000000004,15364.0,False,algorithm_risk_score,0.0,0.0,991,28
app_133,"[{'category': 'Insurance', 'amount': 319}, {'category': 'Dining', 'amount': 407}]",Frank Harris,frank.harris11@outlook.com,507-24-3732,172.25.65.254,Male,1989-10-07,10022,70000.0,72.0,0.16,33883.0,False,algorithm_risk_score,0.0,0.0,726,36
app_214,"[{'category': 'Utilities', 'amount': 786}]",Christine Miller,christine.miller65@mail.com,929-57-7649,172.17.208.126,Female,1962-08-26,90277,116000.0,84.0,0.31,41962.0,True,,4.1,57000.0,786,63
app_078,"[{'category': 'Transportation', 'amount': 294}]",Rebecca Wilson,rebecca.wilson4@gmail.com,854-84-6365,172.30.31.154,Female,1997-02-25,90299,47000.0,19.0,0.26,14054.0,False,insufficient_credit_history,0.0,0.0,294,29
app_317,"[{'category': 'Shopping', 'amount': 771}]",Stephen Mitchell,stephen.mitchell26@yahoo.com,805-56-9241,172.16.60.139,Male,1981-10-27,10057,45000.0,105.0,0.22,19039.0,True,,4.9,80000.0,771,44
app_352,"[{'category': 'Transportation', 'amount': 227}, {'category': 'Healthcare', 'amount': 514}]",Deborah Miller,deborah.miller59@aol.com,514-30-3461,10.149.249.118,Female,1961-11-04,90209,104000.0,110.0,0.32,25826.0,True,,4.4,58000.0,741,64
app_458,"[{'category': 'Groceries', 'amount': 424}, {'category': 'Alcohol', 'amount': 247}]",Frank Rivera,frank.rivera78@gmail.com,493-26-1934,192.168.143.14,Male,1978-02-16,10006,90000.0,45.0,0.37,28672.0,True,,4.3,45000.0,671,48
app_080,"[{'category': 'Utilities', 'amount': 821}, {'category': 'Dining', 'amount': 314}]",James Torres,james.torres4@yahoo.com,951-51-4647,10.222.104.77,Male,1989-08-01,10075,111000.0,58.0,0.39,18138.0,True,,3.1,37000.0,1135,36
app_212,"[{'category': 'Rent', 'amount': 81}]",Amy Flores,amy.flores63@outlook.com,654-72-8456,172.17.7.50,Female,1997-12-09,90231,50000.0,25.0,0.2,20787.0,False,algorithm_risk_score,0.0,0.0,81,28
app_369,"[{'category': 'Dining', 'amount': 233}, {'category': 'Education', 'amount': 700}]",Patricia Nelson,patricia.nelson33@protonmail.com,557-16-4712,172.24.111.38,Female,1985-01-03,90259,102000.0,35.0,0.17,33980.0,False,algorithm_risk_score,0.0,0.0,933,41
app_452,"[{'category': 'Groceries', 'amount': 626}, {'category': 'Rent', 'amount': 377}, {'category': 'Utilities', 'amount': 105}]",Nancy Young,nancy.young58@protonmail.com,645-69-5977,192.168.219.132,Female,1994-03-25,90221,66000.0,67.0,0.07,24654.0,False,algorithm_risk_score,0.0,0.0,1108,31
app_127,"[{'category': 'Entertainment', 'amount': 581}, {'category': 'Dining', 'amount': 739}, {'category': 'Utilities', 'amount': 379}]",Brandon Taylor,brandon.taylor17@yahoo.com,708-16-1511,172.22.250.112,Male,1968-12-30,90261,73000.0,78.0,0.15,28164.0,True,,5.9,53000.0,1699,57
app_167,"[{'category': 'Rent', 'amount': 465}, {'category': 'Utilities', 'amount': 641}]",Emma Williams,emma.williams6@icloud.com,406-96-8493,172.31.200.173,Female,1983-05-10,90214,105000.0,32.0,0.17,55374.0,False,algorithm_risk_score,0.0,0.0,1106,42
app_422,"[{'category': 'Rent', 'amount': 322}]",Kathleen Flores,kathleen.flores42@yahoo.com,455-19-2179,192.168.210.173,Female,1981-08-17,90284,108000.0,80.0,0.37,30248.0,False,algorithm_risk_score,0.0,0.0,322,44
app_280,"[{'category': 'Utilities', 'amount': 275}]",Benjamin Thomas,benjamin.thomas34@icloud.com,235-66-1824,172.17.156.231,Male,1987-02-06,10046,57000.0,13.0,0.24,14728.0,False,insufficient_credit_history,0.0,0.0,275,39
app_441,"[{'category': 'Fitness', 'amount': 894}]",Katherine King,katherine.king17@outlook.com,568-34-9570,192.168.25.187,Female,1986-12-05,90268,110000.0,20.0,0.12,23593.0,True,,2.6,74000.0,894,39
app_232,"[{'category': 'Transportation', 'amount': 53}, {'category': 'Entertainment', 'amount': 185}, {'category': 'Travel', 'amount': 588}]",Susan Williams,susan.williams56@protonmail.com,990-44-6079,192.168.82.109,Female,1985-03-04,90218,129000.0,60.0,0.1,31187.0,True,,2.8,48000.0,826,40
app_169,"[{'category': 'Insurance', 'amount': 623}]",Brian Brown,brian.brown29@icloud.com,566-85-7180,10.10.233.92,Male,1986-12-06,10014,85000.0,45.0,0.11,61833.0,True,,4.4,28000.0,623,39
app_174,"[{'category': 'Fitness', 'amount': 98}]",Katherine Baker,katherine.baker50@outlook.com,405-23-3195,192.168.75.133,Female,1990-01-15,90237,98000.0,31.0,0.34,34731.0,True,,2.7,33000.0,98,36
app_010,"[{'category': 'Utilities', 'amount': 866}]",Barbara Rodriguez,barbara.rodriguez33@icloud.com,624-58-7406,10.100.68.10,Female,1996-09-07,90250,44000.0,62.0,0.25,6824.0,False,algorithm_risk_score,0.0,0.0,866,29
app_486,"[{'category': 'Transportation', 'amount': 777}]",Nicholas Garcia,nicholas.garcia36@gmail.com,109-41-3092,192.168.244.27,Male,1963-09-15,10040,79000.0,95.0,0.09,35264.0,True,,2.9,64000.0,777,62
app_360,"[{'category': 'Utilities', 'amount': 167}, {'category': 'Transportation', 'amount': 52}, {'category': 'Entertainment', 'amount': 363}]",Eric Brown,eric.brown89@hotmail.com,659-91-9371,172.24.47.60,Male,1971-12-16,30007,107000.0,104.0,0.13,31281.0,True,,2.8,53000.0,582,54
app_115,"[{'category': 'Transportation', 'amount': 239}]",Maria Mitchell,maria.mitchell17@yahoo.com,799-16-1536,10.101.190.145,Female,1977-02-09,90294,123000.0,52.0,0.07,82257.0,True,,3.6,23000.0,239,49
app_084,"[{'category': 'Shopping', 'amount': 217}]",Pamela Scott,pamela.scott14@icloud.com,478-77-8200,10.162.27.170,Female,1986-03-24,90279,160000.0,54.0,0.4,78286.0,True,,4.0,50000.0,217,39
app_491,"[{'category': 'Healthcare', 'amount': 792}]",Mary Harris,mary.harris76@protonmail.com,945-13-9714,10.78.4.251,Female,1974-01-17,10048,79000.0,100.0,0.1,30078.0,False,algorithm_risk_score,0.0,0.0,792,52
app_065,"[{'category': 'Rent', 'amount': 841}, {'category': 'Healthcare', 'amount': 433}, {'category': 'Insurance', 'amount': 836}]",Amy Sanchez,amy.sanchez67@mail.com,684-77-5305,10.60.248.190,Female,1992-10-08,10070,109000.0,41.0,0.37,30645.0,False,algorithm_risk_score,0.0,0.0,2110,33
app_148,"[{'category': 'Shopping', 'amount': 887}, {'category': 'Insurance', 'amount': 719}]",Shirley Davis,shirley.davis62@icloud.com,384-17-7019,10.121.226.226,Female,1982-08-11,90261,122000.0,72.0,0.37,35207.0,True,,3.3,25000.0,1606,43
app_028,"[{'category': 'Fitness', 'amount': 145}]",Brenda Robinson,brenda.robinson48@mail.com,636-75-6279,172.21.129.236,Female,1985-09-06,10003,90000.0,60.0,0.2,38832.0,False,algorithm_risk_score,0.0,0.0,145,40
app_272,"[{'category': 'Dining', 'amount': 372}]",Rebecca Rivera,rebecca.rivera38@outlook.com,160-39-1506,10.75.157.206,Female,1982-03-02,90227,79000.0,70.0,0.41000000000000003,34365.0,False,algorithm_risk_score,0.0,0.0,372,44
app_263,"[{'category': 'Entertainment', 'amount': 372}]",Jeffrey Green,jeffrey.green8@hotmail.com,183-73-3729,172.26.114.52,Male,1983-12-16,10055,153000.0,64.0,0.07,39627.0,True,,5.0,68000.0,372,42
app_076,"[{'category': 'Utilities', 'amount': 801}]",Sarah Taylor,sarah.taylor74@icloud.com,773-71-1401,172.27.159.52,Female,1990-12-28,90285,66000.0,35.0,0.43,13607.0,False,insufficient_credit_history,0.0,0.0,801,35
app_410,"[{'category': 'Dining', 'amount': 400}, {'category': 'Alcohol', 'amount': 638}]",Edward Mitchell,edward.mitchell78@hotmail.com,330-61-3858,192.168.30.200,Male,1995-06-21,10051,66000.0,6.0,0.24,30498.0,True,,4.9,41000.0,1038,30
app_208,"[{'category': 'Dining', 'amount': 114}, {'category': 'Fitness', 'amount': 795}]",James Martin,james.martin69@hotmail.com,155-19-6776,172.17.130.224,Male,1966-10-28,10061,97000.0,92.0,0.34,21594.0,True,,2.8,26000.0,909,59
app_279,"[{'category': 'Transportation', 'amount': 725}, {'category': 'Fitness', 'amount': 722}, {'category': 'Shopping', 'amount': 260}]",Joseph Scott,joseph.scott2@yahoo.com,448-37-9481,172.18.113.220,Male,1982-12-11,30012,75000.0,76.0,0.39,4974.0,True,,5.4,15000.0,1707,43
app_241,"[{'category': 'Utilities', 'amount': 485}, {'category': 'Groceries', 'amount': 503}, {'category': 'Shopping', 'amount': 89}]",Helen Anderson,helen.anderson61@mail.com,852-81-4532,192.168.33.162,Female,1964-07-10,90230,96000.0,103.0,0.44,31709.0,True,,5.8,18000.0,1077,61
app_054,"[{'category': 'Utilities', 'amount': 566}]",Jack Martin,jack.martin17@protonmail.com,944-51-9855,192.168.146.66,Male,1995-12-10,10043,86000.0,16.0,0.26,28260.0,True,,6.3,61000.0,566,30
app_195,"[{'category': 'Rent', 'amount': 227}, {'category': 'Travel', 'amount': 554}, {'category': 'Insurance', 'amount': 190}, {'category': 'Adult Entertainment', 'amount': 579}]",Mark Campbell,mark.campbell36@aol.com,730-25-4224,192.168.3.184,Male,1992-03-26,10005,61000.0,0.0,0.29,19373.0,True,,5.1,77000.0,1550,33
app_015,"[{'category': 'Healthcare', 'amount': 101}, {'category': 'Fitness', 'amount': 698}, {'category': 'Education', 'amount': 470}]",Michael Lopez,michael.lopez67@yahoo.com,752-48-9134,192.168.244.94,Male,1985-11-09,10061,118000.0,96.0,0.4,76692.0,False,algorithm_risk_score,0.0,0.0,1269,40
app_093,"[{'category': 'Education', 'amount': 857}, {'category': 'Fitness', 'amount': 338}]",Margaret Allen,margaret.allen89@yahoo.com,343-37-9988,172.20.198.144,Female,1983-01-01,90230,137000.0,36.0,0.08,16139.0,True,,6.1,59000.0,1195,43
app_356,"[{'category': 'Insurance', 'amount': 171}]",Gary Davis,gary.davis57@gmail.com,291-94-4709,10.171.154.188,Male,1987-01-17,10058,69000.0,67.0,0.4,28596.0,True,,5.9,37000.0,171,39
app_164,"[{'category': 'Utilities', 'amount': 218}, {'category': 'Travel', 'amount': 798}, {'category': 'Transportation', 'amount': 430}]",Brian Brown,brian.brown61@yahoo.com,586-29-4288,192.168.240.12,Male,1978-10-04,10004,101000.0,117.0,0.14,34221.0,True,,4.1,62000.0,1446,47
app_460,"[{'category': 'Utilities', 'amount': 438}]",Helen Ramirez,helen.ramirez17@yahoo.com,993-57-7662,10.10.20.83,Female,1988-05-31,90266,85000.0,19.0,0.41000000000000003,28777.0,False,insufficient_credit_history,0.0,0.0,438,37
app_032,"[{'category': 'Utilities', 'amount': 483}, {'category': 'Shopping', 'amount': 767}, {'category': 'Rent', 'amount': 694}, {'category': 'Adult Entertainment', 'amount': 497}]",Andrew Martinez,andrew.martinez39@outlook.com,788-38-3158,172.26.119.18,Male,1982-09-29,30019,124000.0,72.0,0.07,24282.0,True,,5.5,75000.0,2441,43
app_483,"[{'category': 'Entertainment', 'amount': 474}]",Michael Sanchez,michael.sanchez85@aol.com,871-12-1159,192.168.5.114,Male,1975-09-11,10047,99000.0,44.0,0.07,27423.0,True,,6.5,80000.0,474,50
app_008,"[{'category': 'Utilities', 'amount': 881}]",Karen Martin,karen.martin3@outlook.com,351-97-8739,10.234.196.212,Female,1993-07-12,90244,80000.0,24.0,0.43,22882.0,True,,3.6,51000.0,881,32
app_419,"[{'category': 'Healthcare', 'amount': 145}, {'category': 'Travel', 'amount': 174}, {'category': 'Rent', 'amount': 647}]",Timothy Hernandez,timothy.hernandez1@outlook.com,937-93-2440,172.30.247.166,Male,1987-09-18,10096,125000.0,5.0,0.24,63180.0,False,algorithm_risk_score,0.0,0.0,966,38
app_442,"[{'category': 'Healthcare', 'amount': 536}]",Amanda Wright,amanda.wright91@mail.com,735-49-5306,192.168.34.15,Female,1972-12-18,90232,58000.0,88.0,0.11,13402.0,False,algorithm_risk_score,0.0,0.0,536,53
app_493,"[{'category': 'Education', 'amount': 253}, {'category': 'Rent', 'amount': 509}, {'category': 'Transportation', 'amount': 413}]",Katherine Jones,katherine.jones30@hotmail.com,815-55-6710,172.28.130.54,Female,1973-01-23,90245,100000.0,99.0,0.25,34716.0,True,,4.1,24000.0,1175,53
app_416,"[{'category': 'Entertainment', 'amount': 758}, {'category': 'Education', 'amount': 770}]",Samuel Davis,samuel.davis97@mail.com,119-56-1715,10.203.158.136,Male,1981-10-11,10066,100000.0,59.0,0.2,46148.0,False,algorithm_risk_score,0.0,0.0,1528,44
app_119,"[{'category': 'Shopping', 'amount': 761}]",Amy Hernandez,amy.hernandez98@protonmail.com,595-13-3321,172.30.159.145,Female,1991-12-21,90216,74000.0,0.0,0.45,24617.0,False,algorithm_risk_score,0.0,0.0,761,34
app_240,"[{'category': 'Insurance', 'amount': 778}]",Maria Wright,maria.wright71@protonmail.com,391-67-6469,192.168.197.60,Female,1974-11-27,90209,130000.0,83.0,0.14,59062.0,False,algorithm_risk_score,0.0,0.0,778,51
app_166,"[{'category': 'Insurance', 'amount': 685}]",Amy Harris,amy.harris92@mail.com,262-99-5707,192.168.208.6,Female,1978-08-03,90247,118000.0,54.0,0.13,35023.0,False,algorithm_risk_score,0.0,0.0,685,47
app_100,"[{'category': 'Utilities', 'amount': 184}, {'category': 'Dining', 'amount': 463}]",George Campbell,george.campbell53@outlook.com,438-48-3242,172.29.10.254,Male,1962-05-01,10001,79000.0,99.0,0.22,36346.0,True,,2.8,19000.0,647,63
app_107,"[{'category': 'Dining', 'amount': 581}, {'category': 'Rent', 'amount': 857}]",George Garcia,george.garcia38@outlook.com,565-34-4484,172.30.66.2,Male,1960-01-12,10087,91000.0,105.0,0.30000000000000004,37143.0,False,algorithm_risk_score,0.0,0.0,1438,66
app_088,"[{'category': 'Transportation', 'amount': 339}]",Susan Martinez,susan.martinez83@protonmail.com,780-24-9300,172.23.224.13,Female,1986-10-15,90229,55000.0,55.0,0.43,29118.0,False,algorithm_risk_score,0.0,0.0,339,39
app_288,"[{'category': 'Shopping', 'amount': 434}]",Susan Young,susan.young22@mail.com,159-19-1765,192.168.114.250,Female,1962-11-05,90252,88000.0,71.0,0.27,23054.0,True,,5.5,67000.0,434,63
app_396,"[{'category': 'Shopping', 'amount': 698}, {'category': 'Dining', 'amount': 284}, {'category': 'Groceries', 'amount': 206}]",Katherine Harris,katherine.harris16@outlook.com,174-24-9597,10.14.75.95,Female,1976-01-28,10027,96000.0,124.0,0.2,33232.0,True,,5.4,40000.0,1188,50
app_371,"[{'category': 'Rent', 'amount': 180}, {'category': 'Groceries', 'amount': 823}]",Sarah Walker,sarah.walker95@mail.com,142-97-2132,10.57.113.229,Female,1995-02-23,90250,76000.0,12.0,0.11,59032.0,False,algorithm_risk_score,0.0,0.0,1003,31
app_149,"[{'category': 'Utilities', 'amount': 570}, {'category': 'Dining', 'amount': 376}]",Linda Nguyen,linda.nguyen56@protonmail.com,183-95-4538,10.251.107.38,Female,1978-11-10,90224,132000.0,72.0,0.2,48329.0,True,,5.1,29000.0,946,47
app_079,"[{'category': 'Utilities', 'amount': 815}, {'category': 'Dining', 'amount': 748}]",Elizabeth Hernandez,elizabeth.hernandez71@yahoo.com,112-96-1187,192.168.93.154,Female,1972-12-28,90280,97000.0,102.0,0.31,32958.0,False,high_dti_ratio,0.0,0.0,1563,53
app_251,"[{'category': 'Groceries', 'amount': 580}, {'category': 'Travel', 'amount': 633}, {'category': 'Healthcare', 'amount': 575}]",Daniel Nelson,daniel.nelson71@protonmail.com,418-57-7031,192.168.70.66,Male,1984-12-25,10096,98000.0,19.0,0.31,27789.0,False,algorithm_risk_score,0.0,0.0,1788,41
app_404,"[{'category': 'Insurance', 'amount': 841}, {'category': 'Fitness', 'amount': 325}]",Thomas Mitchell,thomas.mitchell21@aol.com,543-21-6993,172.30.59.137,Male,1985-11-10,10017,91000.0,31.0,0.32,2729.0,True,,5.9,69000.0,1166,40
app_162,"[{'category': 'Dining', 'amount': 303}, {'category': 'Entertainment', 'amount': 197}, {'category': 'Fitness', 'amount': 617}]",Eric Rodriguez,eric.rodriguez1@hotmail.com,122-21-5695,10.53.239.200,Male,1991-12-11,10066,55000.0,47.0,0.30000000000000004,10407.0,True,,2.7,71000.0,1117,34
app_029,"[{'category': 'Dining', 'amount': 258}]",Rebecca Jackson,rebecca.jackson30@icloud.com,756-86-3510,172.31.169.14,Female,2001-03-23,10035,46000.0,37.0,0.45,23075.0,True,,3.1,48000.0,258,24
app_345,"[{'category': 'Dining', 'amount': 122}]",Justin White,justin.white92@yahoo.com,845-23-1957,192.168.91.204,Male,1978-08-20,10041,60000.0,42.0,0.34,25288.0,False,algorithm_risk_score,0.0,0.0,122,47
app_484,"[{'category': 'Insurance', 'amount': 286}, {'category': 'Travel', 'amount': 693}]",Samuel Green,samuel.green79@gmail.com,497-67-8063,10.113.219.15,Male,1990-08-10,10001,69000.0,27.0,0.27,10775.0,True,,3.2,34000.0,979,35
app_346,"[{'category': 'Transportation', 'amount': 752}]",Gary Martinez,gary.martinez58@protonmail.com,986-28-6936,172.21.15.191,Male,1979-10-29,90276,140000.0,60.0,0.25,38125.0,False,algorithm_risk_score,0.0,0.0,752,46
app_052,"[{'category': 'Rent', 'amount': 328}]",Kenneth Campbell,kenneth.campbell16@protonmail.com,255-10-9021,192.168.174.67,Male,1965-05-05,10052,91000.0,119.0,0.11,38008.0,True,,3.0,22000.0,328,60
app_143,"[{'category': 'Groceries', 'amount': 791}]",David Wilson,david.wilson94@hotmail.com,855-76-9652,192.168.180.240,Male,1958-12-21,10048,66000.0,113.0,0.28,23503.0,True,,6.4,66000.0,791,67
app_036,"[{'category': 'Dining', 'amount': 723}]",Betty Hall,betty.hall38@hotmail.com,427-27-7779,10.141.198.139,Female,1988-03-31,90227,141000.0,18.0,0.4,77318.0,True,,3.3,49000.0,723,37
app_128,"[{'category': 'Fitness', 'amount': 199}]",Thomas Scott,thomas.scott58@mail.com,857-88-7567,10.5.184.205,Male,1985-04-02,10078,94000.0,81.0,0.4,73842.0,False,high_dti_ratio,0.0,0.0,199,40
app_016,"[{'category': 'Groceries', 'amount': 485}]",Gary Wilson,gary.wilson85@yahoo.com,780-24-9300,192.168.20.42,Male,1959-12-11,10091,123000.0,71.0,0.37,86599.0,False,algorithm_risk_score,0.0,0.0,485,66
app_144,"[{'category': 'Fitness', 'amount': 513}]",Nicholas Taylor,nicholas.taylor14@icloud.com,745-28-4842,10.176.136.112,Male,1996-09-14,10024,56000.0,0.0,0.27,23970.0,True,,6.2,39000.0,513,29
app_270,"[{'category': 'Travel', 'amount': 150}]",Debra Flores,debra.flores69@protonmail.com,911-30-4999,172.24.233.43,Female,1993-10-19,10098,58000.0,78.0,0.24,14687.0,False,algorithm_risk_score,0.0,0.0,150,32
app_151,"[{'category': 'Utilities', 'amount': 786}]",James Young,james.young39@outlook.com,582-51-4265,192.168.53.146,Male,1988-01-11,10019,124000.0,59.0,0.4,53225.0,False,algorithm_risk_score,0.0,0.0,786,38
app_382,"[{'category': 'Travel', 'amount': 838}, {'category': 'Insurance', 'amount': 415}, {'category': 'Utilities', 'amount': 545}]",Charles White,charles.white70@aol.com,160-88-7527,192.168.185.92,Male,1994-10-01,10091,102000.0,12.0,0.42,26781.0,True,,5.8,22000.0,1798,31
app_351,"[{'category': 'Entertainment', 'amount': 809}]",Gary Young,gary.young30@outlook.com,542-27-3301,10.156.74.115,Male,1995-04-14,30029,67000.0,9.0,0.12,26062.0,False,algorithm_risk_score,0.0,0.0,809,30
app_071,"[{'category': 'Utilities', 'amount': 719}, {'category': 'Rent', 'amount': 877}]",Debra Wilson,debra.wilson10@mail.com,542-49-2109,192.168.24.61,Female,1978-02-03,90208,134000.0,69.0,0.07,72178.0,True,,3.8,54000.0,1596,48
app_278,"[{'category': 'Fitness', 'amount': 414}]",Sarah Gonzalez,sarah.gonzalez66@yahoo.com,975-14-1465,10.133.35.59,Female,1997-05-21,10024,56000.0,0.0,0.28,9221.0,False,algorithm_risk_score,0.0,0.0,414,28
app_170,"[{'category': 'Rent', 'amount': 696}, {'category': 'Fitness', 'amount': 699}]",Ryan Lopez,ryan.lopez76@outlook.com,907-21-8853,10.160.161.230,Male,1990-02-19,30015,75000.0,40.0,0.18,10709.0,True,,3.3,79000.0,1395,36
app_043,"[{'category': 'Groceries', 'amount': 398}, {'category': 'Entertainment', 'amount': 464}]",Daniel King,daniel.king27@mail.com,166-23-2000,10.204.248.60,Male,1985-08-17,10038,131000.0,,0.06,53098.0,True,,3.9,68000.0,862,40
app_204,"[{'category': 'Travel', 'amount': 778}]",Jonathan Carter,mike johnson@gmail.com,972-81-1928,10.77.72.174,Male,1983-04-12,90256,81000.0,63.0,0.22,14018.0,False,algorithm_risk_score,0.0,0.0,778,42
app_465,"[{'category': 'Entertainment', 'amount': 205}]",James Rivera,james.rivera15@outlook.com,853-96-1952,192.168.175.28,Male,1972-05-29,10041,72000.0,89.0,0.32,27863.0,True,,5.7,20000.0,205,53
app_448,"[{'category': 'Entertainment', 'amount': 83}]",Susan Flores,susan.flores60@mail.com,383-48-9078,172.26.210.172,Female,1983-12-17,90221,57000.0,22.0,0.23,12120.0,True,,6.4,47000.0,83,42
app_109,"[{'category': 'Fitness', 'amount': 67}, {'category': 'Travel', 'amount': 772}, {'category': 'Rent', 'amount': 715}]",Anna Davis,anna.davis94@mail.com,239-98-1268,10.105.58.146,Female,2000-01-03,90278,47000.0,27.0,0.23,17289.0,True,,4.0,17000.0,1554,26
app_412,"[{'category': 'Rent', 'amount': 334}]",Alexander Wright,alexander.wright47@hotmail.com,912-89-2986,10.158.159.60,Male,1997-02-16,10096,53000.0,61.0,0.43,25452.0,False,high_dti_ratio,0.0,0.0,334,29
app_092,"[{'category': 'Fitness', 'amount': 330}]",Linda Jones,linda.jones69@hotmail.com,671-44-4118,10.218.56.39,Female,1997-09-29,90222,22000.0,31.0,0.4,14473.0,True,,5.5,29000.0,330,28
app_135,"[{'category': 'Healthcare', 'amount': 255}, {'category': 'Travel', 'amount': 222}]",Laura Wilson,laura.wilson90@outlook.com,754-90-5869,10.172.73.55,Female,1986-10-23,90202,65000.0,92.0,0.22,9369.0,False,algorithm_risk_score,0.0,0.0,477,39
app_104,"[{'category': 'Healthcare', 'amount': 425}]",Maria Adams,maria.adams22@aol.com,186-65-7168,10.130.39.7,Female,1972-09-25,90254,84000.0,85.0,0.35000000000000003,32846.0,True,,3.6,76000.0,425,53
app_394,"[{'category': 'Groceries', 'amount': 395}, {'category': 'Dining', 'amount': 545}]",Karen Robinson,karen.robinson34@gmail.com,949-81-1792,192.168.66.232,Female,1998-09-02,90271,61000.0,54.0,0.16,16646.0,False,algorithm_risk_score,0.0,0.0,940,27
app_365,"[{'category': 'Insurance', 'amount': 763}]",Donald Ramirez,donald.ramirez2@protonmail.com,639-74-5472,192.168.85.102,Male,1989-04-20,10043,79000.0,53.0,0.08,10899.0,True,,2.6,29000.0,763,36
app_500,"[{'category': 'Transportation', 'amount': 451}]",Gregory Robinson,gregory.robinson44@gmail.com,195-84-3232,192.168.9.203,Male,1991-02-27,10048,86000.0,12.0,0.13,42908.0,True,,5.2,38000.0,451,35
app_110,"[{'category': 'Groceries', 'amount': 316}, {'category': 'Education', 'amount': 181}]",Mark Campbell,mark.campbell54@icloud.com,223-83-4934,192.168.251.236,Male,1962-07-07,10011,111000.0,112.0,0.07,58086.0,True,,3.4,78000.0,497,63
app_258,"[{'category': 'Education', 'amount': 661}, {'category': 'Insurance', 'amount': 599}, {'category': 'Healthcare', 'amount': 109}]",Laura Thompson,laura.thompson44@protonmail.com,112-40-9635,10.248.44.99,Female,1975-04-14,90273,71000.0,119.0,0.19,21151.0,True,,6.5,73000.0,1369,50
app_262,"[{'category': 'Dining', 'amount': 760}]",Lisa Nelson,lisa.nelson41@protonmail.com,141-88-9385,172.31.49.104,Female,1999-09-28,90264,46000.0,38.0,0.09,18075.0,False,algorithm_risk_score,0.0,0.0,760,26
app_303,"[{'category': 'Insurance', 'amount': 373}, {'category': 'Healthcare', 'amount': 436}, {'category': 'Groceries', 'amount': 471}]",Catherine Smith,catherine.smith85@outlook.com,961-32-4455,192.168.65.3,Female,1998-03-12,90281,41000.0,67.0,0.41000000000000003,9650.0,False,algorithm_risk_score,0.0,0.0,1280,27
app_290,"[{'category': 'Fitness', 'amount': 599}]",Stephanie Perez,stephanie.perez69@gmail.com,866-48-3726,172.25.130.219,Female,1990-01-06,90221,104000.0,39.0,0.27,,True,,4.3,49000.0,599,36
app_201,"[{'category': 'Healthcare', 'amount': 602}]",James Baker,james.baker60@yahoo.com,703-96-2898,10.138.254.4,Male,1996-12-31,10088,36000.0,27.0,0.11,11695.0,False,algorithm_risk_score,0.0,0.0,602,29
app_156,"[{'category': 'Rent', 'amount': 218}]",Jessica Green,jessica.green86@gmail.com,801-19-4595,192.168.59.201,Female,1999-11-28,90239,25000.0,,0.21,13641.0,False,algorithm_risk_score,0.0,0.0,218,26
app_193,"[{'category': 'Education', 'amount': 638}, {'category': 'Adult Entertainment', 'amount': 322}]",Rachel King,rachel.king61@gmail.com,852-24-1787,10.39.214.38,Female,1984-08-02,90221,155000.0,9.0,0.08,30968.0,False,insufficient_credit_history,0.0,0.0,960,41
app_294,"[{'category': 'Education', 'amount': 484}]",Susan King,susan.king68@aol.com,678-39-1724,192.168.87.207,Female,1985-03-13,90298,120000.0,15.0,0.36,36582.0,False,high_dti_ratio,0.0,0.0,484,40
app_033,"[{'category': 'Shopping', 'amount': 185}]",Barbara Anderson,barbara.anderson27@hotmail.com,564-99-3399,192.168.114.161,Female,1993-12-10,30047,83000.0,73.0,0.1,27950.0,True,,6.0,51000.0,185,32
app_172,"[{'category': 'Rent', 'amount': 809}]",Rachel Sanchez,rachel.sanchez78@hotmail.com,557-61-9414,10.130.95.22,Female,1988-11-17,90213,64000.0,14.0,0.14,31122.0,False,algorithm_risk_score,0.0,0.0,809,37
app_283,"[{'category': 'Dining', 'amount': 648}]",Cynthia Johnson,cynthia.johnson21@protonmail.com,321-71-4810,10.23.78.49,Female,1990-12-27,10055,70000.0,5.0,0.09,34596.0,False,algorithm_risk_score,0.0,0.0,648,35
app_454,"[{'category': 'Travel', 'amount': 592}]",Sharon Jackson,sharon.jackson27@outlook.com,953-65-4954,172.28.143.211,Female,1980-04-05,90219,99000.0,74.0,0.18,32988.0,True,,5.3,76000.0,592,45
app_027,"[{'category': 'Groceries', 'amount': 576}]",Nicole Taylor,nicole.taylor83@icloud.com,518-58-6736,192.168.213.217,Female,1994-04-05,90214,75000.0,16.0,0.28,31461.0,False,insufficient_credit_history,0.0,0.0,576,31
app_083,"[{'category': 'Groceries', 'amount': 375}, {'category': 'Shopping', 'amount': 180}, {'category': 'Transportation', 'amount': 571}]",Justin Walker,justin.walker56@gmail.com,423-24-4926,172.27.230.121,Male,1989-11-04,10069,57000.0,40.0,0.23,29607.0,False,algorithm_risk_score,0.0,0.0,1126,36
app_379,"[{'category': 'Groceries', 'amount': 806}, {'category': 'Shopping', 'amount': 323}]",Alexander Scott,alexander.scott21@outlook.com,103-99-1167,10.179.246.181,Male,1987-10-23,10019,103000.0,31.0,0.42,44360.0,False,algorithm_risk_score,0.0,0.0,1129,38
app_072,"[{'category': 'Travel', 'amount': 388}]",Kimberly Anderson,kimberly.anderson44@mail.com,534-80-4167,172.23.107.141,Female,1998-03-14,30044,65000.0,20.0,0.28,19076.0,False,insufficient_credit_history,0.0,0.0,388,27
app_408,"[{'category': 'Fitness', 'amount': 406}, {'category': 'Utilities', 'amount': 342}]",Raymond Garcia,raymond.garcia80@mail.com,774-49-4143,172.27.203.107,Male,1969-09-27,30022,74000.0,53.0,0.38,29820.0,True,,4.8,37000.0,748,56
app_299,"[{'category': 'Dining', 'amount': 854}, {'category': 'Healthcare', 'amount': 787}, {'category': 'Groceries', 'amount': 531}]",Samuel Gonzalez,test.user.outlook.com,626-69-8549,172.29.212.150,Male,1972-08-28,10054,64000.0,58.0,0.18,23101.0,False,algorithm_risk_score,0.0,0.0,2172,53
app_056,"[{'category': 'Healthcare', 'amount': 306}, {'category': 'Groceries', 'amount': 634}]",Kenneth Hall,kenneth.hall2@mail.com,195-78-2598,192.168.194.157,Male,1980-12-24,10069,99000.0,37.0,0.35000000000000003,33129.0,False,algorithm_risk_score,0.0,0.0,940,45
app_489,"[{'category': 'Utilities', 'amount': 640}, {'category': 'Rent', 'amount': 894}]",Barbara Johnson,barbara.johnson68@gmail.com,413-10-2568,10.64.32.85,Female,1966-07-25,90284,47000.0,84.0,0.06,14947.0,False,low_income,0.0,0.0,1534,59
app_230,"[{'category': 'Education', 'amount': 867}]",Cynthia Flores,cynthia.flores14@outlook.com,726-19-5382,10.145.124.45,Female,1963-05-21,90291,63000.0,133.0,0.19,14427.0,True,,5.3,71000.0,867,62
app_216,"[{'category': 'Groceries', 'amount': 230}, {'category': 'Insurance', 'amount': 210}]",Jason Moore,jason.moore86@aol.com,308-39-2669,192.168.11.119,Male,1980-07-20,10020,111000.0,77.0,0.37,61470.0,True,,5.8,42000.0,440,45
app_413,"[{'category': 'Rent', 'amount': 856}]",Anthony Jackson,,584-37-2562,172.20.164.12,Male,1986-10-21,10044,92000.0,30.0,0.30000000000000004,41179.0,True,,6.2,41000.0,856,39
app_252,"[{'category': 'Entertainment', 'amount': 784}, {'category': 'Rent', 'amount': 897}, {'category': 'Education', 'amount': 147}]",Christine Torres,christine.torres96@yahoo.com,307-76-8036,10.121.126.37,Female,2001-12-23,90270,31000.0,29.0,0.44,10534.0,False,insufficient_credit_history,0.0,0.0,1828,24
app_347,"[{'category': 'Education', 'amount': 65}]",Matthew Martinez,matthew.martinez83@outlook.com,365-28-4231,192.168.106.31,Male,1979-01-04,10094,80000.0,42.0,0.38,17742.0,True,,6.3,38000.0,65,47
app_435,"[{'category': 'Shopping', 'amount': 663}]",Joseph Robinson,joseph.robinson60@yahoo.com,681-82-8445,10.152.220.19,Male,1985-04-25,10077,89000.0,51.0,0.22,11727.0,True,,5.6,51000.0,663,40
app_498,"[{'category': 'Education', 'amount': 177}, {'category': 'Fitness', 'amount': 93}]",James Rivera,james.rivera25@gmail.com,942-34-6834,172.18.221.237,Male,1989-10-19,90276,86000.0,33.0,0.29,36901.0,False,algorithm_risk_score,0.0,0.0,270,36
app_364,"[{'category': 'Transportation', 'amount': 401}]",Sarah Jones,sarah.jones80@gmail.com,201-26-8876,192.168.154.187,Female,1967-10-27,90270,69000.0,49.0,0.27,36070.0,True,,6.2,27000.0,401,58
app_254,"[{'category': 'Groceries', 'amount': 691}]",Dennis Torres,dennis.torres14@icloud.com,521-92-4764,10.120.100.163,Male,1981-09-28,10003,77000.0,31.0,0.4,29666.0,True,,2.9,46000.0,691,44
app_106,"[{'category': 'Fitness', 'amount': 317}, {'category': 'Rent', 'amount': 319}]",Michael White,michael.white97@mail.com,285-12-3751,192.168.62.179,Male,1999-08-28,10043,44000.0,20.0,0.16,13124.0,False,algorithm_risk_score,0.0,0.0,636,26
app_475,"[{'category': 'Utilities', 'amount': 460}]",Dorothy Anderson,dorothy.anderson57@outlook.com,289-90-8282,192.168.143.36,Female,1982-06-29,90296,108000.0,43.0,0.36,24107.0,True,,4.5,61000.0,460,43
app_117,"[{'category': 'Education', 'amount': 339}]",Joshua Lee,joshua.lee75@aol.com,899-51-8077,10.112.253.70,Male,1981-06-20,10002,69000.0,109.0,0.21,22879.0,True,,5.9,77000.0,339,44
app_474,"[{'category': 'Education', 'amount': 54}, {'category': 'Healthcare', 'amount': 92}]",Sharon Hall,sharon.hall52@mail.com,580-66-6265,172.22.85.37,Female,1996-08-21,90242,40000.0,51.0,0.19,13712.0,False,algorithm_risk_score,0.0,0.0,146,29
app_205,"[{'category': 'Entertainment', 'amount': 821}, {'category': 'Utilities', 'amount': 727}]",Anna Rodriguez,anna.rodriguez64@hotmail.com,676-49-1041,10.244.192.51,Female,1985-06-02,90267,66000.0,53.0,0.25,23205.0,False,algorithm_risk_score,0.0,0.0,1548,40
app_477,"[{'category': 'Groceries', 'amount': 343}, {'category': 'Transportation', 'amount': 340}]",Dennis White,dennis.white80@yahoo.com,586-69-8442,192.168.193.44,Male,1992-08-07,10096,82000.0,12.0,0.42,22805.0,False,algorithm_risk_score,0.0,0.0,683,33
app_338,"[{'category': 'Healthcare', 'amount': 818}]",Stephanie Davis,stephanie.davis2@icloud.com,720-23-7583,192.168.65.96,Female,1983-10-26,90285,132000.0,82.0,0.14,42137.0,True,,5.7,67000.0,818,42
app_330,"[{'category': 'Travel', 'amount': 885}]",Scott Brown,scott.brown39@hotmail.com,415-46-6409,192.168.147.254,Male,1980-09-19,10026,136000.0,1.0,0.28,35500.0,False,algorithm_risk_score,0.0,0.0,885,45
app_398,"[{'category': 'Rent', 'amount': 693}, {'category': 'Dining', 'amount': 481}, {'category': 'Fitness', 'amount': 373}]",Susan Nelson,susan.nelson67@protonmail.com,270-80-2724,172.31.197.62,Female,1969-12-10,90272,58000.0,92.0,0.14,20917.0,False,algorithm_risk_score,0.0,0.0,1547,56
app_427,"[{'category': 'Insurance', 'amount': 890}]",Joseph Wilson,joseph.wilson4@mail.com,508-58-9304,10.236.75.112,Male,1983-12-10,90299,117000.0,80.0,0.27,39525.0,True,,5.6,34000.0,890,42
app_126,"[{'category': 'Shopping', 'amount': 861}]",Jerry Rodriguez,jerry.rodriguez40@protonmail.com,477-14-5888,192.168.199.162,Male,1988-08-02,10054,83000.0,48.0,0.39,33657.0,True,,4.1,37000.0,861,37
app_354,"[{'category': 'Groceries', 'amount': 734}, {'category': 'Shopping', 'amount': 425}, {'category': 'Alcohol', 'amount': 439}]",Gregory Torres,gregory.torres94@outlook.com,365-48-6262,10.76.180.77,Male,1978-12-28,10066,89000.0,104.0,0.33,47231.0,True,,4.7,44000.0,1598,47
app_060,"[{'category': 'Utilities', 'amount': 141}, {'category': 'Healthcare', 'amount': 317}, {'category': 'Transportation', 'amount': 315}]",Jacob Nguyen,jacob.nguyen66@hotmail.com,736-38-8515,192.168.170.43,Male,1998-03-25,10042,25000.0,11.0,0.07,12900.0,True,,3.8,52000.0,773,27
app_340,"[{'category': 'Education', 'amount': 205}, {'category': 'Entertainment', 'amount': 842}]",Samantha Allen,samantha.allen89@protonmail.com,334-78-8984,172.26.145.134,Female,1988-12-09,90238,107000.0,56.0,0.18,45341.0,True,,4.3,33000.0,1047,37
app_353,"[{'category': 'Travel', 'amount': 836}]",Lisa Jones,lisa.jones93@outlook.com,195-45-8451,10.228.14.60,Female,1996-03-26,10069,73000.0,26.0,0.24,23924.0,False,algorithm_risk_score,0.0,0.0,836,29
app_031,"[{'category': 'Travel', 'amount': 155}, {'category': 'Insurance', 'amount': 62}, {'category': 'Fitness', 'amount': 320}]",Frank Baker,frank.baker87@icloud.com,216-52-4471,172.28.35.177,Male,1973-05-05,90258,79000.0,83.0,0.36,17700.0,True,,4.4,51000.0,537,52
app_085,"[{'category': 'Fitness', 'amount': 679}, {'category': 'Entertainment', 'amount': 337}, {'category': 'Travel', 'amount': 382}]",Barbara Brown,barbara.brown97@yahoo.com,435-96-5496,10.229.154.59,Female,2000-01-12,90234,37000.0,5.0,0.15,18428.0,False,insufficient_credit_history,0.0,0.0,1398,26
app_176,"[{'category': 'Travel', 'amount': 198}, {'category': 'Healthcare', 'amount': 102}]",Steven Lee,steven.lee49@mail.com,952-58-1833,192.168.177.187,Male,1989-07-26,10058,91000.0,60.0,0.22,46039.0,True,,4.9,35000.0,300,36
app_236,"[{'category': 'Healthcare', 'amount': 726}, {'category': 'Travel', 'amount': 574}]",Amy Torres,amy.torres56@yahoo.com,760-35-4986,10.4.65.185,Female,2002-04-24,90296,62000.0,4.0,0.25,25550.0,True,,6.2,23000.0,1300,23
app_400,"[{'category': 'Travel', 'amount': 181}]",Mary Jackson,mary.jackson36@yahoo.com,760-50-5199,192.168.109.56,Female,2000-06-24,30034,48000.0,0.0,0.28,5953.0,True,,4.7,27000.0,181,25
app_259,"[{'category': 'Healthcare', 'amount': 549}]",Debra Harris,debra.harris54@aol.com,397-87-5682,192.168.219.135,Female,1964-02-29,90260,94000.0,92.0,0.27,54425.0,True,,6.0,44000.0,549,62
app_196,"[{'category': 'Travel', 'amount': 598}, {'category': 'Education', 'amount': 533}, {'category': 'Groceries', 'amount': 821}]",Rachel Hernandez,rachel.hernandez83@yahoo.com,798-57-4126,10.7.164.75,Female,1995-04-17,90225,88000.0,19.0,0.26,12943.0,True,,6.4,47000.0,1952,30
app_067,"[{'category': 'Utilities', 'amount': 186}]",Scott Wilson,scott.wilson54@gmail.com,760-63-1612,192.168.141.24,Male,1997-05-07,10031,39000.0,36.0,0.37,10486.0,True,,4.3,56000.0,186,28
app_434,"[{'category': 'Shopping', 'amount': 644}]",Edward Flores,edward.flores2@icloud.com,565-99-4837,192.168.194.45,Male,1999-10-08,10050,35000.0,0.0,0.27,14397.0,False,algorithm_risk_score,0.0,0.0,644,26
app_050,"[{'category': 'Dining', 'amount': 259}, {'category': 'Travel', 'amount': 260}]",Amanda Brown,amanda.brown92@yahoo.com,695-46-5371,172.30.31.249,Female,1994-05-06,90267,30000.0,49.0,0.06,9588.0,True,,2.5,48000.0,519,31
app_220,"[{'category': 'Shopping', 'amount': 484}]",Anthony Johnson,anthony.johnson10@yahoo.com,795-39-2227,192.168.31.81,Male,1987-11-21,10034,121000.0,48.0,0.17,18326.0,False,algorithm_risk_score,0.0,0.0,484,38
app_017,"[{'category': 'Entertainment', 'amount': 715}, {'category': 'Transportation', 'amount': 156}, {'category': 'Gambling', 'amount': 125}]",Nicole Allen,nicole.allen46@outlook.com,974-39-2580,192.168.15.187,Female,1995-02-11,90282,109000.0,60.0,0.15,40059.0,True,,6.1,55000.0,996,31
app_304,"[{'category': 'Utilities', 'amount': 62}]",Pamela Nelson,pamela.nelson7@aol.com,117-67-6540,10.224.21.213,Female,1981-08-06,90208,106000.0,69.0,0.2,51392.0,False,algorithm_risk_score,0.0,0.0,62,44
app_103,"[{'category': 'Insurance', 'amount': 693}]",Debra Torres,debra.torres21@yahoo.com,607-72-9550,172.30.61.68,Female,1977-02-19,10085,148000.0,56.0,0.25,61857.0,True,,4.3,48000.0,693,49
app_090,"[{'category': 'Travel', 'amount': 728}, {'category': 'Shopping', 'amount': 776}, {'category': 'Dining', 'amount': 106}]",Amanda Perez,amanda.perez24@icloud.com,757-82-3322,192.168.29.216,Female,1991-05-25,90297,46000.0,41.0,0.05,25176.0,True,,4.4,67000.0,1610,34
app_094,"[{'category': 'Healthcare', 'amount': 891}, {'category': 'Entertainment', 'amount': 332}, {'category': 'Groceries', 'amount': 671}]",Kenneth Scott,kenneth.scott82@outlook.com,693-48-2032,10.175.210.27,Male,1986-11-03,10092,111000.0,44.0,0.43,47525.0,True,,4.3,28000.0,1894,39
app_403,"[{'category': 'Transportation', 'amount': 291}]",William Davis,william.davis38@yahoo.com,636-51-1389,192.168.227.127,Male,1977-01-19,10054,138000.0,96.0,0.09,55499.0,False,algorithm_risk_score,0.0,0.0,291,49
app_291,"[{'category': 'Rent', 'amount': 684}]",Dennis Rivera,dennis.rivera40@icloud.com,786-56-7935,10.35.42.14,Male,1990-05-29,10070,79000.0,44.0,0.41000000000000003,19247.0,True,,4.3,67000.0,684,35
app_478,"[{'category': 'Entertainment', 'amount': 624}]",Christine Young,christine.young13@hotmail.com,558-88-5577,192.168.174.101,Female,1994-06-30,90294,74000.0,21.0,0.28,21504.0,True,,2.9,52000.0,624,31
app_125,"[{'category': 'Transportation', 'amount': 385}]",Sharon Martinez,sharon.martinez70@hotmail.com,513-27-3988,10.188.66.157,Female,1988-06-25,90203,77000.0,72.0,0.36,30414.0,False,algorithm_risk_score,0.0,0.0,385,37
app_242,"[{'category': 'Insurance', 'amount': 435}, {'category': 'Utilities', 'amount': 742}]",Raymond Davis,raymond.davis31@outlook.com,493-70-3412,172.26.163.12,Male,1993-01-11,90273,51000.0,84.0,0.42,28348.0,False,algorithm_risk_score,0.0,0.0,1177,33
app_423,"[{'category': 'Travel', 'amount': 437}, {'category': 'Insurance', 'amount': 331}]",Charles Hill,charles.hill58@outlook.com,697-56-2746,192.168.76.175,Male,1992-08-16,10026,103000.0,66.0,0.28,40301.0,True,,3.6,41000.0,768,33
app_438,"[{'category': 'Travel', 'amount': 745}, {'category': 'Dining', 'amount': 136}, {'category': 'Fitness', 'amount': 612}]",Ryan Jones,ryan.jones94@protonmail.com,585-89-1335,192.168.173.123,Male,1995-12-19,10090,38000.0,35.0,0.22,7228.0,False,algorithm_risk_score,0.0,0.0,1493,30
app_077,"[{'category': 'Transportation', 'amount': 878}]",Deborah Campbell,deborah.campbell7@icloud.com,199-17-5138,172.19.144.24,Female,1994-01-07,90275,86000.0,27.0,0.15,41449.0,False,algorithm_risk_score,0.0,0.0,878,32
app_194,"[{'category': 'Education', 'amount': 224}]",Ashley Allen,ashley.allen44@protonmail.com,811-74-5906,10.92.26.69,Female,1992-03-16,90223,80000.0,3.0,0.09,32385.0,False,algorithm_risk_score,0.0,0.0,224,33
app_189,"[{'category': 'Groceries', 'amount': 156}, {'category': 'Utilities', 'amount': 605}]",Christopher Anderson,christopher.anderson49@protonmail.com,538-69-7345,10.238.76.188,Male,1966-05-31,90255,95000.0,71.0,0.06,41414.0,True,,5.5,39000.0,761,59
app_357,"[{'category': 'Education', 'amount': 889}]",Rebecca Wright,rebecca.wright9@mail.com,293-82-3507,10.172.238.52,Female,1992-09-28,30007,76000.0,3.0,0.09,33537.0,False,insufficient_credit_history,0.0,0.0,889,33
app_281,"[{'category': 'Transportation', 'amount': 527}]",Timothy Davis,timothy.davis7@outlook.com,971-87-5125,172.17.250.191,Male,1988-09-06,10071,99000.0,26.0,0.29,39634.0,True,,5.9,47000.0,527,37
app_451,"[{'category': 'Transportation', 'amount': 733}]",Gary Gonzalez,gary.gonzalez21@icloud.com,237-86-8164,192.168.184.20,Male,1981-07-13,10020,101000.0,49.0,0.12,24958.0,True,,3.1,40000.0,733,44
app_011,"[{'category': 'Entertainment', 'amount': 209}, {'category': 'Fitness', 'amount': 648}]",Linda Martin,linda.martin88@hotmail.com,471-84-3299,10.244.191.172,Female,1992-12-30,90205,89000.0,5.0,0.31,24246.0,False,algorithm_risk_score,0.0,0.0,857,33
app_248,"[{'category': 'Travel', 'amount': 620}]",Susan Clark,susan.clark76@outlook.com,759-56-5500,10.196.31.120,Female,1963-12-07,90258,84000.0,111.0,0.2,41525.0,False,algorithm_risk_score,0.0,0.0,620,62
app_311,"[{'category': 'Groceries', 'amount': 716}, {'category': 'Travel', 'amount': 285}]",Anna Jones,anna.jones21@gmail.com,439-27-7275,172.18.235.175,Female,2001-10-02,90234,85432.789123,22.0,0.43,11285.0,True,,4.2,44000.0,1001,24
app_362,"[{'category': 'Entertainment', 'amount': 479}]",Michelle Anderson,michelle.anderson65@gmail.com,756-79-8536,192.168.124.18,Female,2000-12-24,90279,70000.0,18.0,0.1,35720.0,False,algorithm_risk_score,0.0,0.0,479,25
app_445,"[{'category': 'Entertainment', 'amount': 862}]",Sarah Adams,sarah.adams85@hotmail.com,325-39-8274,192.168.193.100,Female,1958-09-21,90219,86000.0,71.0,0.14,17179.0,True,,3.1,79000.0,862,67
app_211,"[{'category': 'Groceries', 'amount': 136}]",Barbara Martin,barbara.martin84@mail.com,112-31-7412,172.28.207.224,Female,1988-08-19,90222,112000.0,75.0,0.08,62775.0,False,algorithm_risk_score,0.0,0.0,136,37
app_118,"[{'category': 'Education', 'amount': 754}, {'category': 'Travel', 'amount': 209}]",Dorothy Perez,dorothy.perez34@gmail.com,132-21-8550,192.168.87.39,Female,1959-01-01,30038,110000.0,87.0,0.34,47222.0,False,algorithm_risk_score,0.0,0.0,963,67
app_496,"[{'category': 'Fitness', 'amount': 175}]",Rachel Miller,rachel.miller69@protonmail.com,953-69-6408,10.194.95.93,Female,1979-11-12,90211,87000.0,40.0,0.31,23949.0,True,,6.2,25000.0,175,46
app_282,"[{'category': 'Insurance', 'amount': 399}]",Lisa Baker,lisa.baker23@mail.com,377-29-6956,192.168.209.25,Female,1978-03-07,30017,118000.0,66.0,0.07,32286.0,False,algorithm_risk_score,0.0,0.0,399,47
app_253,"[{'category': 'Dining', 'amount': 223}]",Barbara Allen,barbara.allen1@mail.com,497-28-5851,172.30.65.21,Female,1970-08-11,90241,93000.0,91.0,0.29,27309.0,False,algorithm_risk_score,0.0,0.0,223,55
app_068,"[{'category': 'Healthcare', 'amount': 577}, {'category': 'Utilities', 'amount': 188}]",Emily Lopez,john.doe@invalid,641-36-7605,172.19.231.218,Female,1993-09-05,90282,75000.0,30.0,0.31,40791.0,True,,4.9,20000.0,765,32
app_158,"[{'category': 'Healthcare', 'amount': 681}, {'category': 'Entertainment', 'amount': 760}, {'category': 'Rent', 'amount': 825}]",Maria Harris,maria.harris38@outlook.com,456-33-1025,172.29.126.102,Female,1994-12-08,90286,74000.0,31.0,0.38,27666.0,False,algorithm_risk_score,0.0,0.0,2266,31
app_409,"[{'category': 'Healthcare', 'amount': 292}, {'category': 'Utilities', 'amount': 285}]",Jennifer Anderson,jennifer.anderson21@icloud.com,841-30-7960,192.168.11.106,Female,1988-03-18,90292,100000.0,70.0,0.18,15473.0,True,,2.8,20000.0,577,37
app_213,"[{'category': 'Education', 'amount': 522}]",Matthew Sanchez,matthew.sanchez19@gmail.com,159-79-2670,172.22.75.182,Male,1999-09-23,10071,54000.0,31.0,0.13,17081.0,True,,5.1,56000.0,522,26
app_361,"[{'category': 'Transportation', 'amount': 753}]",Steven Harris,steven.harris82@yahoo.com,243-47-6228,172.29.158.152,Male,1985-10-03,10013,140000.0,19.0,0.2,54813.0,False,algorithm_risk_score,0.0,0.0,753,40
app_040,"[{'category': 'Entertainment', 'amount': 499}]",Samuel Carter,samuel.carter11@yahoo.com,692-44-9305,172.23.184.53,Male,1983-05-05,10015,90000.0,51.0,0.19,28995.0,False,algorithm_risk_score,0.0,0.0,499,42
app_003,"[{'category': 'Healthcare', 'amount': 450}]",Lisa Gonzalez,lisa.gonzalez51@yahoo.com,833-33-5929,172.21.35.195,Female,1982-08-24,90213,65000.0,74.0,0.43,7090.0,True,,3.4,76000.0,450,43
app_301,"[{'category': 'Education', 'amount': 115}, {'category': 'Travel', 'amount': 356}, {'category': 'Shopping', 'amount': 537}]",Susan Baker,susan.baker33@protonmail.com,462-23-1465,10.59.198.228,Female,1981-03-18,90226,65000.0,50.0,0.1,28502.0,False,algorithm_risk_score,0.0,0.0,1008,44
app_363,"[{'category': 'Healthcare', 'amount': 653}]",Patrick Allen,patrick.allen34@outlook.com,213-45-1895,10.86.16.115,Male,1961-07-23,10039,86000.0,74.0,0.11,28378.0,True,,6.2,37000.0,653,64
app_265,"[{'category': 'Healthcare', 'amount': 491}]",Samuel Harris,samuel.harris82@mail.com,684-68-7381,10.168.180.97,Male,1964-01-10,10044,57000.0,67.0,0.14,12651.0,False,algorithm_risk_score,0.0,0.0,491,62
app_243,"[{'category': 'Education', 'amount': 89}]",Kimberly Taylor,kimberly.taylor23@yahoo.com,154-17-2958,10.147.50.59,Female,1981-12-25,90293,113000.0,34.0,0.15,36980.0,False,algorithm_risk_score,0.0,0.0,89,44
app_399,"[{'category': 'Groceries', 'amount': 630}]",Dorothy Johnson,dorothy.johnson63@protonmail.com,846-62-4839,172.28.231.164,Female,1983-09-17,10083,112000.0,116.0,0.31,34612.0,True,,4.5,50000.0,630,42
app_326,"[{'category': 'Utilities', 'amount': 872}, {'category': 'Transportation', 'amount': 819}, {'category': 'Groceries', 'amount': 584}]",Jack Wilson,jack.wilson33@outlook.com,614-96-3065,172.23.51.88,Male,1985-06-28,10075,42000.0,2.0,0.4,12444.0,True,,3.7,47000.0,2275,40
app_047,"[{'category': 'Fitness', 'amount': 147}]",Katherine Lopez,katherine.lopez10@mail.com,241-14-6672,192.168.202.60,Female,1987-08-11,90280,101000.0,0.0,0.16,39861.0,True,,5.6,32000.0,147,38
app_155,"[{'category': 'Insurance', 'amount': 551}]",Anthony Sanchez,anthony.sanchez56@protonmail.com,842-52-1461,10.29.9.21,Male,1977-05-03,90206,100000.0,102.0,0.05,44295.0,True,,4.2,61000.0,551,48
app_467,"[{'category': 'Healthcare', 'amount': 655}, {'category': 'Fitness', 'amount': 159}, {'category': 'Transportation', 'amount': 663}]",Katherine Scott,katherine.scott80@yahoo.com,570-62-1571,172.18.240.4,Female,1960-08-20,90204,75000.0,120.0,0.18,35398.0,True,,5.1,78000.0,1477,65
app_377,"[{'category': 'Utilities', 'amount': 566}]",Anna White,,617-17-3415,192.168.111.167,Female,1990-09-26,90237,116000.0,9.0,0.19,48943.0,True,,4.5,40000.0,566,35
app_331,"[{'category': 'Entertainment', 'amount': 531}]",Eric Garcia,eric.garcia25@aol.com,402-58-5593,10.249.192.226,Male,1974-04-06,10083,88000.0,64.0,0.29,27261.0,False,algorithm_risk_score,0.0,0.0,531,51
app_231,"[{'category': 'Fitness', 'amount': 572}]",Jerry Nguyen,jerry.nguyen45@yahoo.com,821-93-7079,172.28.235.138,Male,1994-12-28,10074,78000.0,40.0,0.33,31025.0,True,,6.0,62000.0,572,31
app_499,"[{'category': 'Groceries', 'amount': 810}]",Deborah Lee,deborah.lee74@mail.com,843-60-2218,10.1.111.83,Female,1983-12-02,90218,111000.0,3.0,0.19,78838.0,True,,4.1,62000.0,810,42
app_389,"[{'category': 'Transportation', 'amount': 337}]",Kevin Allen,kevin.allen67@icloud.com,769-78-5087,192.168.162.66,Male,2001-04-30,10001,51000.0,12.0,0.33,17638.0,True,,4.6,70000.0,337,24
app_302,"[{'category': 'Travel', 'amount': 693}, {'category': 'Education', 'amount': 726}]",James Martin,james.martin52@gmail.com,594-58-9666,10.42.101.217,Male,2000-03-23,10016,60000.0,53.0,0.29,27973.0,True,,3.0,21000.0,1419,25
app_443,"[{'category': 'Education', 'amount': 239}, {'category': 'Insurance', 'amount': 177}, {'category': 'Groceries', 'amount': 806}]",Scott Gonzalez,scott.gonzalez70@hotmail.com,440-21-5768,172.31.192.181,Male,1975-11-23,10040,101000.0,67.0,0.43,27879.0,True,,5.5,31000.0,1222,50
app_217,"[{'category': 'Healthcare', 'amount': 147}, {'category': 'Dining', 'amount': 633}]",Paul Hernandez,paul.hernandez12@yahoo.com,320-37-6522,172.21.89.24,Male,1986-12-22,10079,91000.0,56.0,0.23,47092.0,False,algorithm_risk_score,0.0,0.0,780,39
app_425,"[{'category': 'Dining', 'amount': 148}]",Gary Carter,gary.carter31@aol.com,102-67-7969,172.16.43.205,Male,1986-04-15,10095,144000.0,37.0,0.31,48632.0,True,,5.7,59000.0,148,39
app_082,"[{'category': 'Transportation', 'amount': 108}, {'category': 'Utilities', 'amount': 819}]",Pamela Harris,pamela.harris94@yahoo.com,980-68-5455,192.168.26.10,Female,1997-09-29,10096,52000.0,62.0,0.22,13436.0,True,,3.2,27000.0,927,28
app_308,"[{'category': 'Utilities', 'amount': 169}, {'category': 'Rent', 'amount': 514}, {'category': 'Transportation', 'amount': 873}]",Gregory Hernandez,gregory.hernandez16@yahoo.com,173-77-8335,192.168.209.8,Male,1986-04-27,10004,100000.0,37.0,0.33,44154.0,True,,5.2,76000.0,1556,39
app_402,"[{'category': 'Education', 'amount': 482}]",Heather Flores,heather.flores23@mail.com,100-58-8097,172.21.176.42,Female,1965-03-07,90214,88000.0,27.0,,37281.0,True,,3.2,17000.0,482,60
app_333,"[{'category': 'Healthcare', 'amount': 83}]",Brenda Rivera,brenda.rivera75@mail.com,531-44-6342,172.20.119.239,Female,1982-02-01,90254,85000.0,48.0,0.19,20643.0,True,,5.3,73000.0,83,44
app_417,"[{'category': 'Travel', 'amount': 739}, {'category': 'Healthcare', 'amount': 765}]",Patrick Green,patrick.green57@aol.com,852-28-8582,172.26.226.117,Male,1980-04-10,10072,63000.0,44.0,0.22,25271.0,True,,4.7,48000.0,1504,45
app_316,"[{'category': 'Entertainment', 'amount': 774}, {'category': 'Travel', 'amount': 642}]",Paul Brown,paul.brown98@aol.com,413-70-1353,172.17.253.4,Male,1989-02-07,10003,74000.0,16.0,0.30000000000000004,25959.0,False,insufficient_credit_history,0.0,0.0,1416,37
app_385,"[{'category': 'Shopping', 'amount': 98}, {'category': 'Entertainment', 'amount': 181}]",Sharon Thomas,sharon.thomas34@mail.com,229-81-3457,172.31.31.1,Female,1979-12-24,90210,86000.0,44.0,0.39,27401.0,True,,5.0,76000.0,279,46
app_318,"[{'category': 'Fitness', 'amount': 599}, {'category': 'Entertainment', 'amount': 269}]",Emma Thompson,emma.thompson42@gmail.com,839-40-5735,172.24.220.183,Female,1987-04-26,10011,68000.0,40.0,0.08,21717.0,False,algorithm_risk_score,0.0,0.0,868,38
app_455,"[{'category': 'Insurance', 'amount': 508}, {'category': 'Fitness', 'amount': 863}]",Anthony Wilson,anthony.wilson95@gmail.com,564-81-2410,192.168.136.24,Male,1981-02-13,10020,92000.0,64.0,0.12,29125.0,True,,5.1,59000.0,1371,45
app_006,"[{'category': 'Shopping', 'amount': 121}, {'category': 'Insurance', 'amount': 570}]",Scott Wright,scott.wright39@outlook.com,158-53-3545,172.26.92.152,Male,1987-07-12,10048,82000.0,24.0,0.21,0.0,True,,6.2,27000.0,691,38
app_096,"[{'category': 'Utilities', 'amount': 298}]",Nicholas Roberts,nicholas.roberts5@protonmail.com,789-45-9885,10.185.208.12,Male,1995-05-16,10014,84000.0,8.0,0.30000000000000004,41724.0,False,algorithm_risk_score,0.0,0.0,298,30
app_237,"[{'category': 'Fitness', 'amount': 235}, {'category': 'Education', 'amount': 877}]",Nicholas Miller,nicholas.miller59@mail.com,266-19-6931,172.25.56.120,Male,1995-05-14,10033,61000.0,30.0,0.33,20775.0,False,algorithm_risk_score,0.0,0.0,1112,30
app_298,"[{'category': 'Groceries', 'amount': 825}, {'category': 'Shopping', 'amount': 298}]",Eric Perez,eric.perez81@hotmail.com,610-35-3744,172.16.112.87,Male,1962-04-27,10089,94000.0,129.0,0.4,44612.0,True,,3.5,57000.0,1123,63
app_026,"[{'category': 'Travel', 'amount': 634}, {'category': 'Dining', 'amount': 260}, {'category': 'Groceries', 'amount': 220}]",Pamela Perez,pamela.perez96@outlook.com,512-39-4116,10.68.90.51,Female,1981-06-14,90229,72000.0,69.0,0.31,34051.0,True,,3.2,20000.0,1114,44
app_383,"[{'category': 'Shopping', 'amount': 452}]",Richard Carter,richard.carter61@protonmail.com,893-66-4336,10.214.83.104,Male,1992-09-01,10058,62000.0,0.0,0.38,23113.0,True,,4.9,43000.0,452,33
app_131,"[{'category': 'Entertainment', 'amount': 878}, {'category': 'Rent', 'amount': 233}]",Janet Johnson,janet.johnson91@gmail.com,605-97-2230,10.245.40.15,Female,1960-01-02,90286,85000.0,127.0,0.09,14930.0,True,,5.8,32000.0,1111,66
app_440,"[{'category': 'Utilities', 'amount': 562}]",Frank Young,frank.young21@mail.com,979-12-4442,172.20.230.209,Male,1990-01-01,10009,74000.0,80.0,0.28,25925.0,True,,5.3,73000.0,562,36
app_138,"[{'category': 'Insurance', 'amount': 371}, {'category': 'Entertainment', 'amount': 305}, {'category': 'Adult Entertainment', 'amount': 848}]",Kevin Lopez,kevin.lopez85@protonmail.com,672-64-7149,192.168.36.21,Male,1963-08-01,10036,64000.0,56.0,0.24,26880.0,False,algorithm_risk_score,0.0,0.0,1524,62
app_002,"[{'category': 'Education', 'amount': 533}]",Kevin Roberts,kevin.roberts9@protonmail.com,992-61-4010,172.19.95.144,Male,1999-08-01,10020,41000.0,5.0,0.36,18200.0,False,algorithm_risk_score,0.0,0.0,533,26
app_185,"[{'category': 'Utilities', 'amount': 570}, {'category': 'Travel', 'amount': 191}, {'category': 'Healthcare', 'amount': 587}]",George Clark,george.clark73@aol.com,804-59-4925,10.178.229.242,Male,1984-05-10,10039,60000.0,65.0,0.34,38690.0,True,,5.6,24000.0,1348,41
app_267,"[{'category': 'Groceries', 'amount': 133}, {'category': 'Shopping', 'amount': 723}, {'category': 'Transportation', 'amount': 394}]",Donald Adams,donald.adams15@mail.com,177-32-2203,10.37.119.151,Male,1976-01-24,10056,82000.0,65.0,0.19,40258.0,True,,6.0,63000.0,1250,50
app_112,"[{'category': 'Dining', 'amount': 841}, {'category': 'Transportation', 'amount': 564}]",Cynthia Rodriguez,cynthia.rodriguez5@icloud.com,323-67-4611,10.134.193.125,Female,1999-08-26,90207,56000.0,42.0,0.39,1863.0,True,,3.2,57000.0,1405,26
app_030,"[{'category': 'Healthcare', 'amount': 874}]",Christopher Allen,christopher.allen95@hotmail.com,605-74-9223,172.20.144.30,Male,1989-03-12,10063,72000.0,30.0,0.37,28898.0,False,insufficient_credit_history,0.0,0.0,874,36
app_018,"[{'category': 'Rent', 'amount': 723}, {'category': 'Shopping', 'amount': 167}]",Patrick Martinez,patrick.martinez51@hotmail.com,935-32-9047,192.168.65.254,Male,1991-12-23,10096,64000.0,18.0,0.2,11567.0,False,algorithm_risk_score,0.0,0.0,890,34
app_341,"[{'category': 'Fitness', 'amount': 363}]",Cynthia Anderson,cynthia.anderson96@gmail.com,871-61-4185,172.22.214.211,Female,1991-05-13,10035,63000.0,50.0,0.21,15639.0,False,algorithm_risk_score,0.0,0.0,363,34
app_035,"[{'category': 'Healthcare', 'amount': 372}, {'category': 'Education', 'amount': 711}, {'category': 'Utilities', 'amount': 473}]",Ashley Ramirez,ashley.ramirez39@yahoo.com,300-69-5628,192.168.199.159,Female,1975-03-01,90233,81000.0,37.0,0.07,35656.0,True,,5.3,40000.0,1556,51
app_327,"[{'category': 'Fitness', 'amount': 272}, {'category': 'Dining', 'amount': 481}, {'category': 'Travel', 'amount': 601}]",Karen Martinez,karen.martinez76@mail.com,338-35-5699,192.168.161.166,Female,1999-10-24,90261,40000.0,72.0,0.2,14626.0,False,algorithm_risk_score,0.0,0.0,1354,26
app_414,"[{'category': 'Insurance', 'amount': 794}]",Brandon Williams,brandon.williams88@aol.com,732-68-4558,172.19.127.70,Male,1987-09-16,10012,76000.0,29.0,0.4,36303.0,True,,5.2,57000.0,794,38
app_042,"[{'category': 'Insurance', 'amount': 153}, {'category': 'Dining', 'amount': 468}]",Joseph Lopez,joseph.lopez1@gmail.com,652-70-5530,192.168.91.142,Male,1990-05-04,10044,69000.0,43.0,0.41000000000000003,15974.0,False,algorithm_risk_score,0.0,0.0,621,35
app_374,"[{'category': 'Shopping', 'amount': 471}, {'category': 'Rent', 'amount': 666}]",Nancy Sanchez,nancy.sanchez75@gmail.com,637-82-2711,10.207.207.221,Female,1969-12-26,90294,81000.0,41.0,0.17,13259.0,False,algorithm_risk_score,0.0,0.0,1137,56
app_182,"[{'category': 'Insurance', 'amount': 633}]",Steven Roberts,steven.roberts81@outlook.com,766-23-5646,10.143.138.207,Male,1982-11-17,10096,102000.0,53.0,0.39,39743.0,True,,2.9,40000.0,633,43
app_161,"[{'category': 'Dining', 'amount': 155}]",James Hernandez,james.hernandez26@gmail.com,279-33-8125,192.168.114.31,Male,2001-04-06,10067,40000.0,16.0,0.07,21612.0,False,algorithm_risk_score,0.0,0.0,155,24
app_328,"[{'category': 'Fitness', 'amount': 219}, {'category': 'Insurance', 'amount': 336}, {'category': 'Healthcare', 'amount': 178}]",Raymond Nguyen,raymond.nguyen73@mail.com,759-78-1197,172.18.33.215,Male,1982-06-07,10076,93000.0,28.0,0.12,35502.0,True,,3.7,66000.0,733,43
app_415,"[{'category': 'Education', 'amount': 764}, {'category': 'Dining', 'amount': 804}]",Patrick Martin,patrick.martin81@hotmail.com,122-39-5106,172.20.236.220,Male,1994-01-12,10002,105000.0,32.0,0.06,37428.0,False,algorithm_risk_score,0.0,0.0,1568,32
app_199,"[{'category': 'Healthcare', 'amount': 382}, {'category': 'Rent', 'amount': 327}]",Donald Garcia,donald.garcia71@hotmail.com,264-53-5742,192.168.142.118,Male,1994-07-07,30008,68000.0,43.0,0.41000000000000003,8346.0,False,algorithm_risk_score,0.0,0.0,709,31
app_293,"[{'category': 'Travel', 'amount': 615}, {'category': 'Groceries', 'amount': 361}]",Lisa Garcia,lisa.garcia37@gmail.com,200-24-4510,172.27.233.233,Female,1978-07-28,90246,102000.0,95.0,0.08,16304.0,True,,3.4,46000.0,976,47
app_233,"[{'category': 'Transportation', 'amount': 363}]",Dorothy Nelson,dorothy.nelson99@mail.com,501-89-7625,172.30.238.65,Female,1991-04-23,90232,70000.0,64.0,0.19,21220.0,True,,4.4,42000.0,363,34
app_098,"[{'category': 'Transportation', 'amount': 784}, {'category': 'Education', 'amount': 722}]",Justin Young,justin.young47@hotmail.com,935-12-2949,172.26.124.154,Male,1965-01-17,10006,92000.0,92.0,0.38,34427.0,False,algorithm_risk_score,0.0,0.0,1506,61
app_146,"[{'category': 'Education', 'amount': 687}, {'category': 'Shopping', 'amount': 73}]",Amy Flores,sarah.smith@,577-59-1479,10.4.113.112,Female,1970-04-26,90262,79000.0,102.0,0.2,24961.0,True,,2.7,61000.0,760,55
app_140,"[{'category': 'Travel', 'amount': 487}, {'category': 'Shopping', 'amount': 315}]",Joseph Taylor,joseph.taylor79@mail.com,876-10-8698,172.20.105.89,Male,1973-06-27,10047,45000.0,76.0,0.15,16933.0,False,algorithm_risk_score,0.0,0.0,802,52
app_287,"[{'category': 'Utilities', 'amount': 331}, {'category': 'Education', 'amount': 571}]",Janet Johnson,janet.johnson88@aol.com,205-59-5076,10.46.31.230,Female,1980-09-19,90285,105000.0,82.0,0.35000000000000003,31931.0,True,,6.1,43000.0,902,45
app_113,"[{'category': 'Utilities', 'amount': 359}, {'category': 'Transportation', 'amount': 723}]",Melissa Nelson,melissa.nelson5@mail.com,599-53-4517,10.163.154.138,Female,1997-04-18,90272,40000.0,45.0,0.22,11728.0,False,algorithm_risk_score,0.0,0.0,1082,28
app_136,"[{'category': 'Entertainment', 'amount': 554}, {'category': 'Transportation', 'amount': 726}, {'category': 'Adult Entertainment', 'amount': 710}]",Edward Taylor,edward.taylor43@outlook.com,934-73-3533,192.168.88.82,Male,1993-12-13,10026,29000.0,43.0,0.36,9624.0,True,,5.8,72000.0,1990,32
app_152,"[{'category': 'Healthcare', 'amount': 893}]",Alexander Rodriguez,alexander.rodriguez71@outlook.com,938-80-5542,10.167.213.23,Male,2001-07-27,10012,46000.0,26.0,0.16,21942.0,True,,4.7,19000.0,893,24
app_022,"[{'category': 'Travel', 'amount': 61}, {'category': 'Utilities', 'amount': 176}]",James Allen,james.allen60@protonmail.com,429-40-8330,192.168.34.174,Male,1972-05-15,10081,99000.0,94.0,0.09,43381.0,True,,2.9,35000.0,237,53
app_329,"[{'category': 'Transportation', 'amount': 546}]",Betty Martinez,betty.martinez42@mail.com,794-64-7602,172.16.109.93,Female,1966-10-06,90247,55000.0,85.0,0.42,20278.0,False,algorithm_risk_score,0.0,0.0,546,59
app_461,"[{'category': 'Entertainment', 'amount': 610}, {'category': 'Transportation', 'amount': 226}]",Shirley Robinson,shirley.robinson11@yahoo.com,934-39-1807,192.168.85.100,Female,1997-06-20,90280,46000.0,38.0,0.28,13390.0,False,algorithm_risk_score,0.0,0.0,836,28
app_045,"[{'category': 'Dining', 'amount': 390}]",Jennifer Thomas,jennifer.thomas38@protonmail.com,848-81-7036,172.16.244.182,Female,1964-12-22,90237,76000.0,82.0,0.21,25982.0,False,algorithm_risk_score,0.0,0.0,390,61
app_405,"[{'category': 'Groceries', 'amount': 364}, {'category': 'Transportation', 'amount': 566}, {'category': 'Shopping', 'amount': 839}]",Stephanie Hill,stephanie.hill77@gmail.com,694-77-8788,172.26.24.219,Female,1989-09-05,90202,48000.0,13.0,0.38,964.0,False,high_dti_ratio,0.0,0.0,1769,36
app_001,"[{'category': 'Fitness', 'amount': 576}]",Stephanie Nguyen,stephanie.nguyen47@mail.com,427-90-1892,10.121.120.213,Female,1986-05-27,90230,102000.0,37.0,0.42,0.0,False,high_dti_ratio,0.0,0.0,576,39
app_368,"[{'category': 'Travel', 'amount': 521}]",Robert Hall,robert.hall89@mail.com,262-36-4877,10.81.51.193,Male,1996-08-27,10045,29000.0,0.0,0.22,5045.0,False,algorithm_risk_score,0.0,0.0,521,29
app_378,"[{'category': 'Shopping', 'amount': 523}]",Jeffrey Baker,jeffrey.baker68@aol.com,868-86-8190,10.161.120.154,Male,1968-04-04,10034,131000.0,48.0,0.18,63712.0,True,,4.3,56000.0,523,57
app_041,"[{'category': 'Travel', 'amount': 172}, {'category': 'Dining', 'amount': 419}]",Linda Rodriguez,linda.rodriguez19@hotmail.com,456-57-5365,172.28.24.244,Female,1972-10-10,90205,126000.0,76.0,0.06,85166.0,True,,3.4,45000.0,591,53
app_009,"[{'category': 'Entertainment', 'amount': 718}]",Heather Smith,heather.smith97@gmail.com,476-51-2722,192.168.237.76,Female,1989-11-20,90261,92000.0,15.0,0.08,39921.0,True,,5.9,27000.0,718,36
app_470,"[{'category': 'Groceries', 'amount': 867}, {'category': 'Healthcare', 'amount': 170}]",Kenneth Wright,kenneth.wright74@hotmail.com,588-85-4126,172.17.153.140,Male,1984-04-01,10062,66000.0,40.0,0.43,32402.0,True,,3.4,35000.0,1037,41
app_095,"[{'category': 'Rent', 'amount': 804}]",Jack Sanchez,jack.sanchez68@aol.com,130-62-7748,192.168.112.200,Male,1986-05-12,10049,116000.0,58.0,0.39,53274.0,True,,5.0,51000.0,804,39
app_055,"[{'category': 'Groceries', 'amount': 254}, {'category': 'Utilities', 'amount': 851}, {'category': 'Travel', 'amount': 188}]",Scott Lopez,scott.lopez69@gmail.com,495-48-2129,172.28.222.9,Male,1978-11-11,10009,104000.0,51.0,0.16,52179.0,True,,4.3,51000.0,1293,47
app_428,"[{'category': 'Transportation', 'amount': 68}]",Jerry Wilson,jerry.wilson60@icloud.com,112-19-6168,192.168.155.6,Male,1963-08-02,10053,103000.0,78.0,0.19,29305.0,True,,4.0,74000.0,68,62
app_366,"[{'category': 'Dining', 'amount': 194}, {'category': 'Healthcare', 'amount': 51}, {'category': 'Utilities', 'amount': 396}]",Catherine Campbell,catherine.campbell57@hotmail.com,352-74-1939,192.168.20.35,Female,1990-11-30,90211,45000.0,47.0,0.34,19272.0,False,algorithm_risk_score,0.0,0.0,641,35
app_187,"[{'category': 'Fitness', 'amount': 428}]",Andrew Lewis,andrew.lewis53@aol.com,875-49-5940,192.168.117.114,Male,1990-06-27,10085,67000.0,52.0,0.30000000000000004,31102.0,False,algorithm_risk_score,0.0,0.0,428,35
app_188,"[{'category': 'Utilities', 'amount': 269}, {'category': 'Entertainment', 'amount': 449}]",Elizabeth Jackson,elizabeth.jackson75@gmail.com,884-36-9087,172.22.91.113,Female,1987-04-03,90263,98000.0,64.0,0.17,45696.0,True,,2.7,27000.0,718,38
app_129,"[{'category': 'Entertainment', 'amount': 334}]",Jessica Jackson,jessica.jackson10@mail.com,734-50-1889,10.220.105.242,Female,1985-05-18,10059,108000.0,54.0,0.17,30185.0,True,,2.8,30000.0,334,40
app_319,"[{'category': 'Education', 'amount': 568}]",Barbara Green,barbara.green70@aol.com,439-47-7955,172.22.198.197,Female,1995-08-01,90211,55000.0,33.0,0.26,12428.0,False,insufficient_credit_history,0.0,0.0,568,30
app_488,"[{'category': 'Entertainment', 'amount': 635}, {'category': 'Education', 'amount': 849}]",Rachel Moore,rachel.moore12@yahoo.com,366-85-5787,172.28.143.21,Female,1999-12-14,90201,33000.0,0.0,0.2,7021.0,False,algorithm_risk_score,0.0,0.0,1484,26
app_295,"[{'category': 'Entertainment', 'amount': 674}, {'category': 'Alcohol', 'amount': 706}]",George Lopez,george.lopez85@protonmail.com,312-66-6584,172.22.114.118,Male,1988-02-20,10070,98000.0,56.0,0.30000000000000004,47469.0,True,,6.5,18000.0,1380,38
app_221,"[{'category': 'Entertainment', 'amount': 158}]",Amy Robinson,amy.robinson52@aol.com,607-39-7447,192.168.84.247,Female,2000-04-21,90247,59000.0,34.0,0.45,17248.0,False,insufficient_credit_history,0.0,0.0,158,25
app_139,"[{'category': 'Travel', 'amount': 617}]",George Garcia,george.garcia25@yahoo.com,864-96-8449,10.184.140.226,Male,1972-12-13,10006,88000.0,76.0,0.06,25968.0,False,algorithm_risk_score,0.0,0.0,617,53
app_038,"[{'category': 'Healthcare', 'amount': 201}]",Patrick Nguyen,patrick.nguyen53@gmail.com,596-76-2147,192.168.233.224,Male,1979-04-06,10012,125000.0,27.0,0.14,19147.0,True,,5.5,35000.0,201,46
app_495,"[{'category': 'Fitness', 'amount': 441}]",Cynthia Baker,cynthia.baker91@gmail.com,197-64-9441,172.22.234.154,Female,1963-05-16,10069,71000.0,80.0,0.34,24928.0,True,,4.8,68000.0,441,62
app_480,"[{'category': 'Insurance', 'amount': 171}]",Gregory Davis,gregory.davis23@icloud.com,854-74-6180,192.168.243.203,Male,1969-11-01,10001,104000.0,70.0,0.19,25163.0,True,,3.9,68000.0,171,56
app_202,"[{'category': 'Healthcare', 'amount': 73}, {'category': 'Rent', 'amount': 263}, {'category': 'Entertainment', 'amount': 512}]",Mark Taylor,mark.taylor69@mail.com,948-21-4380,192.168.237.127,Male,1996-02-24,10097,62000.0,29.0,0.11,14258.0,True,,5.8,64000.0,848,30
app_203,"[{'category': 'Insurance', 'amount': 645}]",Joseph Allen,joseph.allen79@gmail.com,234-34-4011,172.22.253.28,Male,1993-10-29,10093,58000.0,47.0,0.44,21458.0,True,,3.0,51000.0,645,32
app_147,"[{'category': 'Rent', 'amount': 817}, {'category': 'Healthcare', 'amount': 126}, {'category': 'Fitness', 'amount': 836}]",John Harris,john.harris87@hotmail.com,194-73-2525,10.177.132.73,Male,1978-08-16,10092,79000.0,67.0,0.43,41974.0,True,,4.9,65000.0,1779,47
app_069,"[{'category': 'Entertainment', 'amount': 540}]",Stephanie Allen,stephanie.allen32@mail.com,916-13-8007,192.168.98.191,Female,1961-04-14,90237,98000.0,93.0,0.25,11645.0,False,algorithm_risk_score,0.0,0.0,540,64
app_395,"[{'category': 'Education', 'amount': 818}]",Sandra Roberts,sandra.roberts28@yahoo.com,697-34-2116,192.168.183.213,Female,1985-09-26,90226,151000.0,3.0,0.08,72478.0,True,,4.2,46000.0,818,40
app_087,"[{'category': 'Entertainment', 'amount': 726}, {'category': 'Insurance', 'amount': 54}]",Catherine Campbell,catherine.campbell75@yahoo.com,499-29-5726,10.200.71.18,Female,1987-01-16,90247,94000.0,53.0,0.1,48204.0,True,,3.2,35000.0,780,39
app_487,"[{'category': 'Utilities', 'amount': 738}]",Alexander Robinson,alexander.robinson55@yahoo.com,430-74-1011,172.16.177.5,Male,1986-10-29,10057,60000.0,16.0,0.24,22759.0,False,algorithm_risk_score,0.0,0.0,738,39
app_046,"[{'category': 'Transportation', 'amount': 379}, {'category': 'Groceries', 'amount': 156}, {'category': 'Healthcare', 'amount': 585}]",Sandra Nelson,sandra.nelson20@mail.com,878-19-2678,192.168.226.197,Female,1977-05-13,90231,122000.0,44.0,0.29,34688.0,False,algorithm_risk_score,0.0,0.0,1120,48
app_359,"[{'category': 'Fitness', 'amount': 363}, {'category': 'Travel', 'amount': 543}]",Stephanie King,stephanie.king52@hotmail.com,887-89-1075,172.21.62.38,Female,1997-03-09,90233,65000.0,43.0,0.18,13540.0,False,algorithm_risk_score,0.0,0.0,906,28
app_044,"[{'category': 'Fitness', 'amount': 526}]",James Brown,james.brown50@mail.com,181-41-8267,192.168.158.107,Male,1992-02-02,10021,73000.0,50.0,0.07,19027.0,False,algorithm_risk_score,0.0,0.0,526,34
app_190,"[{'category': 'Dining', 'amount': 317}, {'category': 'Shopping', 'amount': 223}, {'category': 'Fitness', 'amount': 849}]",Heather White,heather.white42@icloud.com,217-44-8191,192.168.242.9,Female,1999-10-05,90297,,0.0,0.14,19603.0,False,algorithm_risk_score,0.0,0.0,1389,26
app_373,"[{'category': 'Fitness', 'amount': 844}, {'category': 'Healthcare', 'amount': 417}]",Sharon Ramirez,sharon.ramirez48@outlook.com,620-42-3577,192.168.182.177,Female,1988-07-31,90273,84000.0,5.0,0.30000000000000004,19050.0,True,,5.1,37000.0,1261,37
app_355,"[{'category': 'Fitness', 'amount': 777}]",Jack Mitchell,jack.mitchell87@protonmail.com,353-53-1904,172.30.107.103,Male,1974-07-24,90225,100000.0,73.0,0.35000000000000003,42888.0,True,,4.6,24000.0,777,51
app_312,"[{'category': 'Travel', 'amount': 686}, {'category': 'Utilities', 'amount': 530}]",Donald Rodriguez,donald.rodriguez39@protonmail.com,125-28-8331,172.17.36.15,Male,1995-03-11,10079,80000.0,0.0,0.39,12438.0,True,,3.3,23000.0,1216,30
app_390,"[{'category': 'Education', 'amount': 122}, {'category': 'Insurance', 'amount': 508}]",Mary Nelson,mary.nelson83@yahoo.com,548-73-9755,10.72.130.125,Female,1978-07-11,90224,68000.0,68.0,0.2,12310.0,True,,5.3,63000.0,630,47
app_013,"[{'category': 'Education', 'amount': 335}]",Heather Davis,heather.davis26@aol.com,941-17-4706,172.21.115.246,Female,1989-08-23,90218,57000.0,18.0,0.45,28706.0,True,,3.9,70000.0,335,36
app_313,"[{'category': 'Travel', 'amount': 853}, {'category': 'Transportation', 'amount': 851}]",Laura Jones,laura.jones25@yahoo.com,473-60-3268,10.199.251.176,Female,1991-03-14,90298,112000.0,15.0,0.08,39223.0,True,,4.6,52000.0,1704,34
app_141,"[{'category': 'Groceries', 'amount': 399}]",Ronald Johnson,ronald.johnson14@gmail.com,806-19-9489,192.168.175.83,Male,1982-08-19,10002,125000.0,39.0,0.37,72682.0,True,,3.2,37000.0,399,43
app_105,"[{'category': 'Entertainment', 'amount': 512}, {'category': 'Travel', 'amount': 568}]",Laura Green,laura.green44@mail.com,126-24-8122,10.54.152.20,Female,1986-01-28,90243,116000.0,22.0,0.2,69276.0,True,,3.6,75000.0,1080,40
app_229,"[{'category': 'Education', 'amount': 686}, {'category': 'Groceries', 'amount': 359}]",Barbara Campbell,barbara.campbell80@yahoo.com,731-96-9697,172.23.22.89,Female,2000-07-31,90289,39000.0,41.0,0.42,18019.0,True,,4.1,38000.0,1045,25
app_025,"[{'category': 'Education', 'amount': 383}]",Rebecca Walker,rebecca.walker90@aol.com,501-69-2266,192.168.166.120,Female,1965-11-07,90284,72000.0,63.0,0.25,33294.0,False,algorithm_risk_score,0.0,0.0,383,60
app_456,"[{'category': 'Dining', 'amount': 611}]",David Jones,david.jones79@yahoo.com,968-66-9483,172.24.150.136,Male,1979-05-02,10070,84000.0,24.0,0.34,38163.0,True,,6.5,74000.0,611,46
app_111,"[{'category': 'Utilities', 'amount': 447}, {'category': 'Education', 'amount': 644}]",Raymond Jones,raymond.jones74@icloud.com,191-64-5825,192.168.71.115,Male,1999-09-05,10063,42000.0,55.0,0.26,9507.0,True,,3.2,70000.0,1091,26
app_388,"[{'category': 'Entertainment', 'amount': 259}]",Amanda Johnson,amanda.johnson38@protonmail.com,152-84-2809,172.18.118.41,Female,1993-01-03,90296,100000.0,8.0,0.22,15898.0,False,algorithm_risk_score,0.0,0.0,259,33
app_210,"[{'category': 'Entertainment', 'amount': 241}]",Pamela Campbell,pamela.campbell91@outlook.com,719-88-4590,10.113.208.213,Female,1983-06-19,90261,66000.0,18.0,0.42,41892.0,True,,4.8,40000.0,241,42
app_168,"[{'category': 'Groceries', 'amount': 687}, {'category': 'Transportation', 'amount': 354}]",Larry Thompson,larry.thompson20@yahoo.com,674-78-4391,192.168.148.88,Male,1997-03-31,10092,71000.0,29.0,0.28,22361.0,True,,6.1,65000.0,1041,28
app_097,"[{'category': 'Fitness', 'amount': 442}, {'category': 'Gambling', 'amount': 216}]",Emma Roberts,emma.roberts50@gmail.com,817-88-9433,10.9.148.236,Female,1976-11-09,90262,141000.0,33.0,0.26,22923.0,False,insufficient_credit_history,0.0,0.0,658,49
app_432,"[{'category': 'Rent', 'amount': 453}]",Amy Nelson,amy.nelson43@icloud.com,109-72-8677,10.141.150.134,Female,2001-10-04,90273,75000.0,8.0,0.18,24681.0,False,algorithm_risk_score,0.0,0.0,453,24
app_023,"[{'category': 'Fitness', 'amount': 555}, {'category': 'Groceries', 'amount': 661}, {'category': 'Utilities', 'amount': 372}]",Patrick Flores,patrick.flores43@mail.com,495-77-3208,172.24.122.194,Male,1998-07-21,10019,44000.0,55.0,0.08,27397.0,False,algorithm_risk_score,0.0,0.0,1588,27
app_186,"[{'category': 'Entertainment', 'amount': 850}, {'category': 'Fitness', 'amount': 195}, {'category': 'Travel', 'amount': 698}]",Kenneth Carter,kenneth.carter22@yahoo.com,555-26-1610,172.24.47.150,Male,1986-09-08,10086,115000.0,41.0,0.42,39117.0,True,,6.0,72000.0,1743,39
app_310,"[{'category': 'Utilities', 'amount': 451}, {'category': 'Alcohol', 'amount': 730}]",Jessica Campbell,jessica.campbell45@protonmail.com,559-35-6495,172.30.195.170,Female,1990-03-06,90284,63000.0,27.0,0.37,18949.0,True,,5.9,50000.0,1181,35
app_342,"[{'category': 'Entertainment', 'amount': 206}]",Samuel Garcia,samuel.garcia33@aol.com,178-98-4514,172.19.233.85,Male,1983-06-28,10070,45000.0,17.0,0.06,622.0,True,,3.3,74000.0,206,42
app_286,"[{'category': 'Utilities', 'amount': 349}, {'category': 'Fitness', 'amount': 466}]",Brian Johnson,brian.johnson29@gmail.com,302-29-8853,192.168.53.101,Male,1993-09-19,10048,85000.0,0.0,0.22,17452.0,True,,5.4,46000.0,815,32
app_296,"[{'category': 'Education', 'amount': 157}]",Mark Young,mark.young46@outlook.com,601-33-7524,10.10.178.72,Male,1987-07-11,10072,103000.0,57.0,0.45,44538.0,True,,3.6,76000.0,157,38
app_249,"[{'category': 'Shopping', 'amount': 214}, {'category': 'Insurance', 'amount': 659}]",Joshua Garcia,joshua.garcia70@icloud.com,121-85-2187,10.40.52.159,Male,1958-11-20,30043,121000.0,82.0,0.08,44322.0,True,,4.7,73000.0,873,67
app_063,"[{'category': 'Shopping', 'amount': 833}, {'category': 'Healthcare', 'amount': 404}]",Nicole Adams,nicole.adams28@gmail.com,252-62-4568,172.31.2.111,Female,1997-04-03,90243,55000.0,45.0,0.1,14715.0,True,,4.0,57000.0,1237,28
app_314,"[{'category': 'Education', 'amount': 449}, {'category': 'Travel', 'amount': 726}]",Elizabeth Sanchez,elizabeth.sanchez94@outlook.com,850-13-2311,192.168.165.218,Female,1996-01-03,90266,73000.0,31.0,0.30000000000000004,19081.0,False,algorithm_risk_score,0.0,0.0,1175,30
app_062,"[{'category': 'Shopping', 'amount': 146}, {'category': 'Entertainment', 'amount': 329}, {'category': 'Groceries', 'amount': 885}]",Catherine Carter,catherine.carter77@icloud.com,614-69-8974,10.97.126.194,Female,1979-03-13,90275,64000.0,109.0,0.39,34015.0,True,,3.1,16000.0,1360,46
app_137,"[{'category': 'Insurance', 'amount': 717}]",Amy Garcia,amy.garcia70@outlook.com,929-73-4834,192.168.157.6,Female,1990-04-18,90205,81000.0,53.0,0.19,13306.0,False,algorithm_risk_score,0.0,0.0,717,35
app_473,"[{'category': 'Insurance', 'amount': 169}]",Karen Harris,karen.harris60@protonmail.com,795-85-4042,172.28.33.181,Female,1991-08-26,90244,54000.0,0.0,0.21,13722.0,True,,4.2,43000.0,169,34
app_122,"[{'category': 'Insurance', 'amount': 685}, {'category': 'Utilities', 'amount': 782}, {'category': 'Travel', 'amount': 888}]",Richard Thomas,richard.thomas4@hotmail.com,186-34-2952,192.168.201.220,Male,1964-12-12,10057,98000.0,61.0,0.26,14834.0,True,,5.5,69000.0,2355,61
app_222,"[{'category': 'Entertainment', 'amount': 298}, {'category': 'Travel', 'amount': 315}]",Brenda Perez,brenda.perez96@aol.com,636-56-7305,192.168.133.49,Female,1965-11-07,90299,102000.0,104.0,0.28,17483.0,False,algorithm_risk_score,0.0,0.0,613,60
app_218,"[{'category': 'Travel', 'amount': 240}]",Mark Scott,mark.scott72@aol.com,653-15-8386,10.216.243.5,Male,1982-04-09,10083,80000.0,80.0,0.43,22276.0,True,,2.7,29000.0,240,43
app_476,"[{'category': 'Insurance', 'amount': 667}, {'category': 'Rent', 'amount': 279}, {'category': 'Entertainment', 'amount': 187}]",Gregory Allen,gregory.allen43@yahoo.com,990-83-8035,192.168.239.250,Male,1975-09-01,10082,53000.0,118.0,0.44,8148.0,True,,3.9,77000.0,1133,50
app_191,"[{'category': 'Shopping', 'amount': 303}, {'category': 'Fitness', 'amount': 188}, {'category': 'Entertainment', 'amount': 737}]",Pamela Hill,pamela.hill70@outlook.com,757-87-6454,172.28.37.204,Female,1959-09-06,90281,98000.0,78.0,0.16,20428.0,False,algorithm_risk_score,0.0,0.0,1228,66
app_273,"[{'category': 'Shopping', 'amount': 604}, {'category': 'Travel', 'amount': 163}]",Justin Jackson,justin.jackson12@outlook.com,855-33-5461,192.168.235.7,Male,1995-02-22,10033,82000.0,88.0,0.26,24454.0,True,,4.4,44000.0,767,31
app_472,"[{'category': 'Fitness', 'amount': 798}, {'category': 'Groceries', 'amount': 132}]",Dennis Lewis,dennis.lewis59@gmail.com,852-99-9160,172.27.4.156,Male,1977-04-09,10080,81000.0,53.0,0.44,16798.0,False,algorithm_risk_score,0.0,0.0,930,48
app_224,"[{'category': 'Entertainment', 'amount': 131}]",Mark Jackson,mark.jackson41@yahoo.com,263-68-2220,10.248.103.20,Male,1968-06-04,10052,93000.0,81.0,0.12,53299.0,False,algorithm_risk_score,0.0,0.0,131,57
app_012,"[{'category': 'Rent', 'amount': 567}, {'category': 'Shopping', 'amount': 408}]",Janet Lopez,janet.lopez72@aol.com,646-74-3314,172.19.203.79,Female,1972-09-26,90220,96000.0,71.0,0.22,38284.0,False,algorithm_risk_score,0.0,0.0,975,53
app_305,"[{'category': 'Education', 'amount': 629}, {'category': 'Insurance', 'amount': 619}]",Mark Hernandez,mark.hernandez8@hotmail.com,460-68-4910,192.168.94.129,Male,1984-04-09,10084,100000.0,30.0,0.07,44145.0,True,,5.6,49000.0,1248,41
app_468,"[{'category': 'Transportation', 'amount': 701}]",Patrick Martinez,patrick.martinez26@aol.com,996-86-6099,172.31.95.30,Male,1999-05-23,10046,22000.0,35.0,0.35000000000000003,8982.0,False,insufficient_credit_history,0.0,0.0,701,26
app_306,"[{'category': 'Insurance', 'amount': 490}]",Anna White,anna.white6@gmail.com,757-27-8131,10.26.176.56,Female,1978-07-26,90227,106000.0,80.0,0.29,63560.0,True,,3.1,57000.0,490,47
